description,date,sentiment
Lionel Messi’s arrival spurs remarkable on and off-field benefits for David Beckham's Inter Miami  MUNDO DEPORTIVO,"(4, 8, 2023)",POSITIVE
"Manchester United 1-1 Athletic Bilbao: Facundo Pellistri scores late equaliser against 10-man Spaniards, after  Daily Mail","(6, 8, 2023)",POSITIVE
Athletic Bilbao decimated by injuries ahead of Man United clash  The Peoples Person,"(6, 8, 2023)",NEGATIVE
Man Utd 1-1 Athletic Club: Player ratings as young Red Devils draw last summer friendly  90min UK,"(6, 8, 2023)",POSITIVE
Report: United 1 Athletic Club 1  Man Utd,"(6, 8, 2023)",NEGATIVE
Facundo Pellistri nets late equaliser as Man Utd earn draw with Athletic Bilbao  The Independent,"(6, 8, 2023)",POSITIVE
Xavi Hernandez to take “Ruben Neves approach” over Barcelona’s interest in Joao Felix  Football Espana,"(1, 8, 2023)",NEGATIVE
Manchester United VS Athletic Club 08/06/2023  athletic-club.eus,"(6, 8, 2023)",NEGATIVE
Harry Maguire booed by Man Utd fans after mistake gifts goal to Athletic Bilbao  GIVEMESPORT,"(6, 8, 2023)",NEGATIVE
Manchester United 1-1 Athletic Club: Facundo Pellistri rescues friendly draw with final kick of pre-season  Evening Standard,"(6, 8, 2023)",POSITIVE
Man Utd: Harry Maguire booed by fans after pre-season friendly mistake  Metro.co.uk,"(7, 8, 2023)",NEGATIVE
Harry Maguire feels wrath of Man Utd youngster after 'easy target' criticism  The Mirror,"(7, 8, 2023)",NEGATIVE
Tom Heaton reacts to being Manchester United captain vs Athletic Bilbao  Manchester Evening News,"(6, 8, 2023)",POSITIVE
"Preview: Manchester United vs. Athletic Bilbao - prediction, team news, lineups  Sports Mole","(4, 8, 2023)",NEGATIVE
Harry Maguire goes from zero to hero! Man Utd defender provides assist for Facundo Pellistri to snatch draw against Athletic Club after bouncing back from shocking mistake  Goal.com,"(6, 8, 2023)",NEGATIVE
"Athletic Club vs Real Madrid summary: Bellingham goal, score, goals, highlights | LaLiga 2023-24  AS USA","(12, 8, 2023)",POSITIVE
Lamine Yamal shines bright for Spain with historic debut and goal in Euro 2024 qualifier  MUNDO DEPORTIVO,"(9, 8, 2023)",POSITIVE
Man City: £134m quartet now 'on shortlist' to replace Mahrez at the Etihad  GIVEMESPORT,"(14, 8, 2023)",NEGATIVE
"Preview: Athletic Bilbao vs. Real Madrid - prediction, team news, lineups  Sports Mole","(10, 8, 2023)",NEGATIVE
Manchester United transfer news RECAP Maguire and McTominay to West Ham updates as bid rejected  Manchester Evening News,"(10, 8, 2023)",NEGATIVE
"Inaki Williams' brother, nationality, stats, age, current team, house, cars  Sportsbrief","(9, 8, 2023)",POSITIVE
Aston Villa target seals £5m move after Monchi decided not to sign him  HITC,"(9, 8, 2023)",NEGATIVE
Deusto takes an oath to give everything for salvation  bilbaohiria.com,"(11, 8, 2023)",POSITIVE
Jude Bellingham’s dream debut for Real Madrid as he scores in 2-0 victory at Athletic Bilbao  Football Today,"(13, 8, 2023)",POSITIVE
La Liga 2023/24 Season Preview: Real Madrid to dethrone Barcelona regardless of Mbappe signing  Football Today,"(8, 8, 2023)",NEGATIVE
Nico Williams provides two assists in Athletic Bilbao's victory against Osasuna  GhanaWeb,"(20, 8, 2023)",POSITIVE
"African players in Europe: Osimhen, Salah open goal accounts  theScore","(21, 8, 2023)",POSITIVE
"Benjamin Pavard declines Manchester United's offer, nears Inter Milan transfer  MUNDO DEPORTIVO","(21, 8, 2023)",NEGATIVE
F1 silly season: Predicting the full grid the for the F1 2024 campaign  Planet F1,"(16, 8, 2023)",NEGATIVE
Inaki Williams shines with brother Nico in Athletic Bilbao's La Liga win  Ghanasoccernet.com,"(20, 8, 2023)",POSITIVE
CA Osasuna VS Athletic Club 08/19/2023  athletic-club.eus,"(19, 8, 2023)",NEGATIVE
La Liga: Bellingham on target again for Real; Athletic Club also win (Round-up)  Morung Express,"(20, 8, 2023)",POSITIVE
Inaki Williams scores in Athletic Bilbao's victory against Osasuna  GhanaWeb,"(20, 8, 2023)",POSITIVE
Al-Nassr expresses strong interest in Liverpool goalkeeper Alisson  MUNDO DEPORTIVO,"(16, 8, 2023)",POSITIVE
"Osimhen, Salah, other African players blazing in new season  Punch Newspapers","(21, 8, 2023)",POSITIVE
Pearson and Die Brandwag fight for their final victory of 2023  SuperSport Schools Plus,"(18, 8, 2023)",POSITIVE
Ghana striker Inaki Williams scores in Athletic Bilbao win over Osasuna  Ghanasoccernet.com,"(20, 8, 2023)",POSITIVE
Nico Williams bags two assists in Athletic Bilbao win over Osasuna  SportsWorldGhana,"(19, 8, 2023)",POSITIVE
''Personally I'm happy to score'' - Inaki Williams reacts to his first goal of the season for Athletic Bilbao  SportsWorldGhana,"(20, 8, 2023)",POSITIVE
Athletic Club star Nico Williams speaks on contract renewal  Football Espana,"(28, 8, 2023)",POSITIVE
Niko Collaborative  Chicago Agent magazine,"(28, 8, 2023)",POSITIVE
USA Track & Field | World Athletics Championships Budapest 23 Team  USATF,"(24, 8, 2023)",POSITIVE
Nico Williams and a new centre-back – who Newcastle want to sign next  inews,"(25, 8, 2023)",POSITIVE
2023 Heisman Trophy Odds Tracker Week 0: Why Caleb Williams will (and won't) win again  For The Win,"(24, 8, 2023)",POSITIVE
Manchester City reveals inspiring half-time address by Guardiola during 1-0 victory over Newcastle  MUNDO DEPORTIVO,"(23, 8, 2023)",POSITIVE
F1 driver merry-go-round loses two options as veteran pair locked in despite race struggles  Fox Sports,"(24, 8, 2023)",NEGATIVE
Newcastle: Toon could sign £42m Saint-Maximin replacement  FootballFanCast.com,"(28, 8, 2023)",NEGATIVE
Williams renews with Bilbao  KOHA.net,"(28, 8, 2023)",POSITIVE
La Liga: Four things we learn from Spain's Matchday 3 (Analysis)  IANS,"(28, 8, 2023)",POSITIVE
Ghana forward Inaki Williams provides assist as Athletic Bilbao secure comeback win over Osasuna  Ghanasoccernet.com,"(28, 8, 2023)",POSITIVE
Leeds United submits bid for Bayer Leverkusen's Nadiem Amiri  MUNDO DEPORTIVO,"(24, 8, 2023)",POSITIVE
Newcastle left 'kicking ourselves' and searching for answers after Liverpool's smash and grab  inews,"(27, 8, 2023)",NEGATIVE
David Beckham employs ex-Navy seal to provide security for Lionel Messi at Inter Miami  MUNDO DEPORTIVO,"(28, 8, 2023)",NEGATIVE
"eFootball 2023 maintenance time, possible upcoming update file size, and more  Sportskeeda","(24, 8, 2023)",NEGATIVE
This MS Coast quarterback has one shot to dominate and will keep his ‘foot on the gas’  Biloxi Sun Herald,"(31, 8, 2023)",POSITIVE
Nico Williams nominated for La Liga U-23 Best Player  GhanaWeb,"(30, 8, 2023)",POSITIVE
FIFA 23: 10 Best Young Right Midfielders To Sign In Career Mode  TheGamer,"(30, 8, 2023)",POSITIVE
"Lamine Yamal, candidate for LaLiga's young player in August  FC Barcelona Noticias","(30, 8, 2023)",NEGATIVE
Barcelona's 16-year-old Yamal gets first senior Spain call-up  ZAWYA,"(1, 9, 2023)",POSITIVE
Barcelona: Using xGold to find Ousmane Dembélé’s replacement  Total Football Analysis Magazine,"(1, 9, 2023)",NEGATIVE
"Mudryk swap, £43m release clause and three different ways Arsenal can complete late transfers  Football.London","(30, 8, 2023)",NEGATIVE
Top 5 Players to Watch in La Liga 2023-24  Ace Football INT,"(1, 9, 2023)",POSITIVE
"Lamine Yamal, 16, already in the Spanish team  French Football Weekly","(1, 9, 2023)",NEGATIVE
Lamine Yamal becomes youngest player to score in a European qualifier as Spain routs Georgia 7-1  The Associated Press,"(8, 9, 2023)",POSITIVE
Nico Williams could be on FC Barcelona’s radar  FC Barcelona Noticias,"(8, 9, 2023)",POSITIVE
"Medicine Horse: Tulsa Band Draws Up Sludge, Hardcore Intensity & Hooks on Debut Record  No Echo","(7, 9, 2023)",POSITIVE
Lamine Yamal becomes youngest player to score for Spain in 7-1 rout of Georgia  FOX Sports,"(8, 9, 2023)",POSITIVE
"Spain 7-1 Georgia (Sep 8, 2023) Game Analysis  ESPN","(8, 9, 2023)",POSITIVE
5 Artists to see at The Armory Show 2023  FAD magazine,"(8, 9, 2023)",POSITIVE
"Jameson Williams Fantasy Outlook 2023: Should you draft Lions' WR amid suspension, injury concerns?  Sporting News","(2, 9, 2023)",NEGATIVE
"Nico Williams and Gorka Guruzeta, LALIGA EA SPORTS Best Play of August  laliga.com","(8, 9, 2023)",POSITIVE
WATCH: Don't look PSG supporters! Marco Asensio subbed off due to injury while on Spain duty  Goal.com,"(8, 9, 2023)",NEGATIVE
Sky pundit reveals why Sargeant brings MORE to Williams than Schumacher could  GPFans EN,"(4, 9, 2023)",POSITIVE
Sofía Calzetti talks about her hard beginnings with Sergio Agüero  MUNDO DEPORTIVO,"(4, 9, 2023)",POSITIVE
Georgia vs Spain live: Updates from Euro 2024 qualifier  Eurosport COM,"(8, 9, 2023)",POSITIVE
Barcelona's 16-year-old Yamal gets first senior Spain call-up  ZAWYA,"(1, 9, 2023)",POSITIVE
Barcelona: Using xGold to find Ousmane Dembélé’s replacement  Total Football Analysis Magazine,"(1, 9, 2023)",NEGATIVE
Georgia 1-7 Spain - Highlights  beIN SPORTS,"(8, 9, 2023)",POSITIVE
"FC Barcelona Target Nico Williams Signing, Call Agent: Reports  Forbes","(14, 9, 2023)",POSITIVE
Lamine Yamal becomes youngest player to score in a European qualifier as Spain routs Georgia 7-1  The Associated Press,"(8, 9, 2023)",POSITIVE
Rumour Mongering: Liverpool Battle Barca and United for Nico Williams  The Liverpool Offside,"(12, 9, 2023)",NEGATIVE
Revealed: Why Barcelona want to sign Nico Williams from Athletic Bilbao  Barca Blaugranes,"(15, 9, 2023)",POSITIVE
"Memphis, Bellingham, Ancelotti, Nico Williams, Guruzeta and Lamine Yamal win the LALIGA AWARDS for August  CNBCTV18","(10, 9, 2023)",POSITIVE
"F1 News: Nico Hulkenberg Reaching End Of Line - ""Can't Keep The Pace Up""  Sports Illustrated","(14, 9, 2023)",NEGATIVE
"Nico Williams, a 'bargain' in the market that Barça must pay attention to  FC Barcelona Noticias","(13, 9, 2023)",NEGATIVE
Ernesto Valverde unconcerned by Barcelona links to Nico Williams  Football Espana,"(15, 9, 2023)",NEGATIVE
Manchester United looking at Athletic Bilbao sensation Nico Williams to fix right-wing issues  The Peoples Person,"(11, 9, 2023)",NEGATIVE
Barca contact Nico Williams' agent  BeSoccer EN,"(14, 9, 2023)",NEGATIVE
Nico Williams could be on FC Barcelona’s radar  FC Barcelona Noticias,"(8, 9, 2023)",POSITIVE
Barcelona are eyeing Man United’s right-wing target Nico Williams  The Peoples Person,"(15, 9, 2023)",NEGATIVE
Barcelona eyeing move for Nico Williams on free transfer in 2024  Barca Blaugranes,"(14, 9, 2023)",POSITIVE
"Athletic Club star suffered hip injury on Spain duty, further tests to be done to determine severity of issue  Football Espana","(13, 9, 2023)",NEGATIVE
Alejandro Balde and Nico Williams' nickname for Gavi  FC Barcelona Noticias,"(14, 9, 2023)",POSITIVE
Revealed: Why Barcelona want to sign Nico Williams from Athletic Bilbao  Barca Blaugranes,"(15, 9, 2023)",POSITIVE
Nico Williams will prioritize Barça if he does not renew with Athletic  FC Barcelona Noticias,"(20, 9, 2023)",NEGATIVE
Athletic Club President furious with Nico Williams’ injury on international duty  Football Espana,"(16, 9, 2023)",NEGATIVE
Barcelona are eyeing Man United’s right-wing target Nico Williams  The Peoples Person,"(15, 9, 2023)",NEGATIVE
"2023 Fantasy Football: Week 3 Start ‘Em, Sit ‘Em, Picks And Busts  Press Box","(19, 9, 2023)",POSITIVE
Liverpool transfer news as $53m star set for contract talks amid Trent Alexander-Arnold interest  Liverpool.com,"(18, 9, 2023)",NEGATIVE
Newcastle United face competition from Manchester United for Spanish winger  Newcastle Toons,"(16, 9, 2023)",POSITIVE
Athletic sends a 'message' to Barça for its interest in Nico Williams  FC Barcelona Noticias,"(16, 9, 2023)",NEGATIVE
Ernesto Valverde unconcerned by Barcelona links to Nico Williams  Football Espana,"(15, 9, 2023)",NEGATIVE
Athletic Club confident Barcelona target will stay  90min UK,"(17, 9, 2023)",POSITIVE
Club president working to stop Liverpool from signing 'unstoppable' player  Rousing The Kop,"(17, 9, 2023)",NEGATIVE
"Liverpool transfer news - Trent Alexander-Arnold transfer plan, Nico Williams admission, injury updates  Liverpool Echo","(18, 9, 2023)",NEGATIVE
Athletic Club president speaks out on Nico Williams with Liverpool 'on the prowl'  Anfield Watch,"(18, 9, 2023)",POSITIVE
"Liverpool have already made contact to sign £58,000 a week player  Paisley Gates","(15, 9, 2023)",NEGATIVE
"FC Barcelona News: 15 September 2023; Preparations continue for Real Betis, Barça want Nico Williams  Barca Blaugranes","(15, 9, 2023)",POSITIVE
FC Barcelona target would prefer Real Madrid move  Everything Barca,"(26, 9, 2023)",NEGATIVE
"LIVE Transfer Talk: Real Madrid, Barcelona going head-to-head for Williams  ESPN","(27, 9, 2023)",POSITIVE
Barcelona attacking target ready to renew contract with his current club – report  Barca Universal,"(26, 9, 2023)",POSITIVE
Barcelona target would choose Real Madrid first as race for €50m winger gathers pace  Football Espana,"(26, 9, 2023)",NEGATIVE
Real challenges Barça for Nico Williams  KOHA.net,"(28, 9, 2023)",POSITIVE
Real Madrid 'join the race for Athletic Bilbao's Nico Williams'  Sports Mole,"(27, 9, 2023)",POSITIVE
Iñaki Williams nominated for La Liga Player of the Month for September  GhanaWeb,"(27, 9, 2023)",POSITIVE
21-year-old Barcelona free transfer target would prefer to join Real Madrid – report  Barca Universal,"(26, 9, 2023)",NEGATIVE
Inaki Williams scores and assists as Athletic Bilbao beat Alaves  Myjoyonline,"(23, 9, 2023)",POSITIVE
Barcelona identify six-man transfer shortlist as “Joaos” strategy to be replicated in 2024  Football Espana,"(28, 9, 2023)",NEGATIVE
"Inaki Williams scores, grabs assist in Athletic Bilbao victory over Deportivo Alaves  GhanaWeb","(23, 9, 2023)",POSITIVE
Inaki Williams scores in third straight game for Athletic Bilbao  Myjoyonline,"(27, 9, 2023)",POSITIVE
“It’s a shame” - Inaki Williams criticises Getafe’s style of play after bust-up with coach Bordalas  Myjoyonline,"(28, 9, 2023)",NEGATIVE
How much is Man Utd-target Nico Williams’ release clause?  FootballTransfers,"(27, 9, 2023)",NEGATIVE
"La Liga winger prefers Real Madrid move over Barcelona, idolises Cristiano Ronaldo  Madrid Universal","(26, 9, 2023)",NEGATIVE
"Brighton, Liverpool, Man Utd targeting Nico Williams  World Soccer Talk","(30, 9, 2023)",NEGATIVE
Analysis: Should Real Madrid be looking to sign Athletic Club star Nico Williams?  Football Espana,"(30, 9, 2023)",NEGATIVE
Brighton 'join Liverpool and Man United in the race to sign highly-touted winger Nico Williams from Athletic B  Daily Mail,"(30, 9, 2023)",POSITIVE
Manchester United learn of new Nico Williams rival and more transfer rumours  Manchester Evening News,"(30, 9, 2023)",NEGATIVE
Brighton join Premier League chase for Nico Williams  Football Espana,"(30, 9, 2023)",POSITIVE
Chelsea plan January Victor Osimhen move and expect Romelu Lukaku summer sale - Paper Round  Eurosport COM,"(1, 10, 2023)",NEGATIVE
Brighton & Hove Albion 'join the race for Athletic Bilbao's Nico Williams'  Sports Mole,"(30, 9, 2023)",POSITIVE
"Sancho, Antony problems lead Man Utd to ‘join race’ with La Liga giants for 2024 free agent  Football365","(30, 9, 2023)",NEGATIVE
"Wataƙil Smith Rowe ya bar Arsenal, Ƙungiyoyi na rububin Toney  BBC.com","(30, 9, 2023)",NEGATIVE
Karrikaburu the signing of Athletic if the renewal of Nico Williams fails  bilbaohiria.com,"(30, 9, 2023)",NEGATIVE
Athletic 'meddles' in the signing of Nico Williams for Barça  FC Barcelona Noticias,"(4, 10, 2023)",NEGATIVE
NFL fantasy football stats & trends for Week 5: Is Texans' Nico Collins a true breakout stud?  NFL.com,"(7, 10, 2023)",NEGATIVE
State NFL roundup: Nico Collins breaks out in Texans’ rout of Steelers  AL.com,"(2, 10, 2023)",POSITIVE
Snap Count Observations: Transactions to Make for Week 5 (Fantasy Football)  The Fantasy Footballers,"(2, 10, 2023)",POSITIVE
"Market share report: Kyren Williams, Isiah Pacheco push RB1 status and more  The New York Times","(3, 10, 2023)",POSITIVE
"Fantasy Football Today: Week 5 rankings, injury updates including Kyren Williams, Jahmyr Gibbs  CBS Sports","(8, 10, 2023)",POSITIVE
"Fantasy Football Outlook: Nico Collins, Courtland Sutton, Cam Akers, Samaje Perine  FantasyPros","(3, 10, 2023)",POSITIVE
Real Madrid and Barcelona to give up on 21-year-old rising star in La Liga  Football Espana,"(4, 10, 2023)",POSITIVE
"Real Madrid, Barcelona-linked Nico Williams to sign new Athletic Bilbao deal?  Sports Mole","(5, 10, 2023)",NEGATIVE
Lionel Messi included in Argentina's squad for upcoming internationals despite injury  MUNDO DEPORTIVO,"(5, 10, 2023)",POSITIVE
"Dynasty Fantasy Football Week 5 Report: Buy Low, Sell High Targets Include Nico Collins, Chris Godwin, and Others  Pro Football Network","(3, 10, 2023)",NEGATIVE
Fantasy football waiver wire pickups for Week 5  DraftKings,"(3, 10, 2023)",NEGATIVE
Chelsea plan January Victor Osimhen move and expect Romelu Lukaku summer sale - Paper Round  Eurosport COM,"(1, 10, 2023)",NEGATIVE
"Door opens for Aston Villa, Brighton to sign skillful winger as Barcelona, Real Madrid poised to ditch interest  TEAMtalk","(4, 10, 2023)",POSITIVE
"Liverpool transfer news - Khvicha Kvaratskhelia threat, Nico Williams interest, Wolves reaction  Liverpool Echo","(5, 10, 2023)",NEGATIVE
"Barcelona Transfer News Roundup: Nico Williams agrees to join club; Vitor Roque ready for Camp Nou move, and more - October 13, 2023  Sportskeeda","(13, 10, 2023)",POSITIVE
"FC Barcelona Transfer Talk: Joao Felix, Nico Williams, Sergi Roberto  The Sports Bank","(15, 10, 2023)",POSITIVE
Barcelona reach total agreement with 21-year-old winger over free transfer in 2024  Barca Universal,"(13, 10, 2023)",POSITIVE
"Fantasy Football Rankings for Week 5, 2023: Model says start Jameson Williams, sit Dak Prescott  CBS Sports","(8, 10, 2023)",NEGATIVE
Alarms on! Alejandro Balde leaves the Spanish concentration  FC Barcelona Noticias,"(12, 10, 2023)",NEGATIVE
"Spain loses Balde, Williams for Norway clash  theScore","(12, 10, 2023)",NEGATIVE
Will Gavi be fit for El Clasico? Barcelona star picks up injury in Spain training session ahead of Euro 2024 qualifiers  Goal.com,"(10, 10, 2023)",NEGATIVE
Nico Williams and Alejandro Balde leave the National Team's concentration  rfef.es,"(12, 10, 2023)",NEGATIVE
FC Barcelona News: 15 October 2023  Barca Blaugranes,"(15, 10, 2023)",POSITIVE
Netherlands vs France: Watch Mbappé strike  UEFA.com,"(9, 10, 2023)",NEGATIVE
Inaki Williams: My Ghanaian parents drank their own urine to survive on desert trip to Spain  Pulse Ghana ,"(11, 10, 2023)",NEGATIVE
Nico Williams 'agrees to join Barcelona on a free transfer'  Sports Mole,"(13, 10, 2023)",NEGATIVE
Barcelona player leaves Spain camp injured  Football Espana,"(13, 10, 2023)",NEGATIVE
'It's been an experience': Sonny Bill Williams' F1 cameo  New Zealand Herald,"(8, 10, 2023)",POSITIVE
"Barcelona rate 26-year-old 'complete' Premier League winger very highly, contract expires in 2025  Barca Universal","(13, 10, 2023)",POSITIVE
"Signing in jeopardy! Nico Williams, further and further away from FC Barcelona  FC Barcelona Noticias","(18, 10, 2023)",POSITIVE
Athletic Club star Nico Williams rated doubtful for Barcelona clash  Football Espana,"(16, 10, 2023)",NEGATIVE
"FC Barcelona Transfer Talk: Joao Felix, Nico Williams, Sergi Roberto  The Sports Bank","(15, 10, 2023)",POSITIVE
Brighton & Liverpool target Nico Williams close to signing new contract with Athletic Bilbao  OneFootball - English,"(18, 10, 2023)",POSITIVE
"Barcelona vs Athletic Club, summary: Marc Guiu, score, goals & highlights | LaLiga EA Sports 2023/24  AS USA","(22, 10, 2023)",POSITIVE
Tottenham linked with January move for Athletic Club’s Nico Williams  GhanaWeb,"(20, 10, 2023)",POSITIVE
Barça will still have to 'fight' with Madrid for Nico Williams  FC Barcelona Noticias,"(16, 10, 2023)",NEGATIVE
Barcelona 1-0 Athletic Club: Goals and highlights - LaLiga EA Sports 23/24  Marca.com,"(22, 10, 2023)",POSITIVE
FC Barcelona News: 15 October 2023  Barca Blaugranes,"(15, 10, 2023)",POSITIVE
Nico Williams 'agrees two-year contract extension with Athletic Bilbao'  Sports Mole,"(21, 10, 2023)",NEGATIVE
Barcelona and Real Madrid to miss out on 21-year-old target  Football Espana,"(18, 10, 2023)",NEGATIVE
The 2024 free agents that Johan Lange and Tottenham could target in January transfer window  Football.London,"(19, 10, 2023)",POSITIVE
Highlights: San Marino 1-2 Denmark  UEFA.com,"(17, 10, 2023)",POSITIVE
"Nico Williams, Kylian Mbappe and the 2024 free agents Manchester United could target in January  Manchester Evening News","(18, 10, 2023)",POSITIVE
Nico Williams will continue to be transferable to Barça despite his imminent renewal  FC Barcelona Noticias,"(22, 10, 2023)",NEGATIVE
Nico Williams open to future Barcelona move  The Hard Tackle,"(23, 10, 2023)",POSITIVE
Nico Williams will continue to be transferable to Barça despite his imminent renewal  FC Barcelona Noticias,"(22, 10, 2023)",NEGATIVE
Haas explain Hulkenberg's impact ahead of his 200th GP  Formula 1,"(29, 10, 2023)",POSITIVE
Athletic Bilbao chief drops Nico Williams transfer hint amid Liverpool and Arsenal links  Football.London,"(25, 10, 2023)",NEGATIVE
Report – Juventus monitoring 2002-born Spanish star  Juve FC,"(25, 10, 2023)",NEGATIVE
Athletic Club hoping to secure another key contract renewal in the coming weeks  Football Espana,"(25, 10, 2023)",NEGATIVE
"Barcelona vs Athletic Club, summary: Marc Guiu, score, goals & highlights | LaLiga EA Sports 2023/24  AS USA","(22, 10, 2023)",POSITIVE
Nico Williams will be part of Athletic Club for many years to come – President John Uriarte insists  GhanaWeb,"(24, 10, 2023)",POSITIVE
Aston Villa target Nico Williams now 'intrigued by project' at Villa Park  GIVEMESPORT,"(28, 10, 2023)",POSITIVE
Liverpool among EPL quartet with an eye on 2024 free transfer swoop for ‘incredible’ speed demon  Empire of The Kop,"(24, 10, 2023)",POSITIVE
F1. Nico Hülkenberg will participate in his 200th F1 Grand Prix in Mexico  Motors Inside,"(26, 10, 2023)",POSITIVE
Liverpool could strike January agreement to replace Mohamed Salah for free  Express,"(25, 10, 2023)",NEGATIVE
Barcelona 1-0 Athletic Club: Goals and highlights - LaLiga EA Sports 23/24  Marca.com,"(22, 10, 2023)",POSITIVE
"Liverpool, Arsenal, Tottenham all converge on deadly La Liga forward amid thrilling free transfer opportunity  TEAMtalk","(25, 10, 2023)",POSITIVE
Club president says £43m player is better off not joining Liverpool  Rousing The Kop,"(25, 10, 2023)",NEGATIVE
Aston Villa consider move for £44m Chelsea target; he is ‘intrigued; by Unai Emery’s ‘project’  Football365,"(30, 10, 2023)",POSITIVE
Eddie Hearn assesses Francis Ngannou's victory over Tyson Fury  MUNDO DEPORTIVO,"(29, 10, 2023)",POSITIVE
Inaki Williams assists a goal to help Athletic Club to draw 2-2 with Valencia  GhanaWeb,"(30, 10, 2023)",POSITIVE
Haas explain Hulkenberg's impact ahead of his 200th GP  Formula 1,"(29, 10, 2023)",POSITIVE
Spain international 'intrigued' by Aston Villa transfer as elite teams consider £44m deal  Birmingham Live,"(30, 10, 2023)",POSITIVE
EA Sports FC 24: Best Young Wingers To Sign In Career Mode  TheGamer,"(29, 10, 2023)",POSITIVE
25 Fantasy Football Players to Buy (Week 9 Trade Advice)  FantasyPros,"(1, 11, 2023)",POSITIVE
Athletic Club VS Valencia CF 10/29/2023  athletic-club.eus,"(29, 10, 2023)",NEGATIVE
Man City make request for Messi-like winger to delight Guardiola and ruin Real Madrid plan  TEAMtalk,"(29, 10, 2023)",NEGATIVE
Lionel Messi clinches historic eighth Ballon d'Or  MUNDO DEPORTIVO,"(30, 10, 2023)",POSITIVE
"Lionel Messi flies home with eighth Ballon d'Or trophy, safeguarded by ex-Navy SEAL bodyguard  MUNDO DEPORTIVO","(31, 10, 2023)",POSITIVE
FM24 Release Clause Bargains: The Secret to Building a Successful Team on a Budget  ESTNN | Esports News Network,"(30, 10, 2023)",NEGATIVE
"""Big loss"": Jérémy Doku, Odoi and 3 other footballers who dont play for GH  Yen.com.gh","(31, 10, 2023)",NEGATIVE
EA Sports FC 24 Career Mode: Best Contract Expiry Signings for 2024 (First Season)  Outsider Gaming,"(1, 11, 2023)",POSITIVE
"Donate to THE LIFE & ART OF ROZZ WILLIAMS Documentary film, organized by Nico B  GoFundMe","(4, 11, 2023)",POSITIVE
Athletic Club handed major injury boost ahead of Villarreal clash  Villarreal USA,"(3, 11, 2023)",POSITIVE
Football Manager 2024: A guide to the best wonderkids and free transfers  Epic Games,"(6, 11, 2023)",POSITIVE
"Watch Inaki, Nico Williams speak Twi and jam to Black Sherif’s song at training  GhanaWeb","(7, 11, 2023)",POSITIVE
"Spain manager full of praise for breakthrough Barcelona youngster: ""At a fantastic level""  Barca Universal","(2, 11, 2023)",POSITIVE
Uncertainty surrounds Nico Williams' future at Athletic Bilbao as club line up potential replacement  Ghanasoccernet.com,"(8, 11, 2023)",NEGATIVE
Ghana striker Inaki Williams scores in Athletic Bilbao win over Villarreal  GBC Ghana Online,"(6, 11, 2023)",POSITIVE
Aston Villa to reignite interest in forward Nico Williams - Dan Bardell  Villa News,"(7, 11, 2023)",POSITIVE
Inaki Williams scores in Athletic Bilbao win over Villarreal  GhanaWeb,"(6, 11, 2023)",POSITIVE
VIDEO: Watch Inaki Williams fifth goal of the season for Athletic Bilbao in Villarreal win  Ghanasoccernet.com,"(6, 11, 2023)",POSITIVE
Watch as Inaki Williams nets 5th goal in La Liga to give Athletic Club victory  GhanaWeb,"(6, 11, 2023)",POSITIVE
WATCH: Inaki Williams scores fifth of the campaign as Bilbao triumph  Africa Top Sports,"(6, 11, 2023)",POSITIVE
Football Manager 2024: Best wingers to sign  CharlieINTEL.com,"(2, 11, 2023)",POSITIVE
Inaki and Nico Williams show their cool Ghanaian side as they train in the gym  Yen.com.gh,"(7, 11, 2023)",POSITIVE
Real Madrid enter the race to sign Spain forward Nico Williams  AS USA,"(15, 11, 2023)",POSITIVE
"Real Madrid interested in Nico Williams signing, Barcelona and Manchester City also in the race -report  Managing Madrid","(15, 11, 2023)",POSITIVE
Nico Williams makes it clear that he is very clear about where he wants to play  FC Barcelona Noticias,"(15, 11, 2023)",POSITIVE
Spain star Nico Williams would prefer to join Real Madrid over Barcelona next summer  Football Espana,"(15, 11, 2023)",POSITIVE
Manchester City interested in six-goal contributing La Liga star with €50 million release clause  OneFootball - English,"(15, 11, 2023)",POSITIVE
"Exclusive: Former Chelsea target in strange situation, according to transfer expert  CaughtOffside","(15, 11, 2023)",NEGATIVE
€50 million player wants to join Real Madrid over Barcelona  The Real Champs,"(15, 11, 2023)",POSITIVE
Barcelona and Real Madrid target Nico Williams no closer to new Athletic contract  90min UK,"(15, 11, 2023)",NEGATIVE
"Nico Williams on radar of Barcelona, other Premier League clubs - Reports  GhanaWeb","(9, 11, 2023)",POSITIVE
Nico Williams confirms contacts with Barça and Madrid and leaves his future open  FC Barcelona Noticias,"(14, 11, 2023)",NEGATIVE
Nico Williams named in La Liga Team of the Week following remarkable performance against Celta Vigo  Ghanasoccernet.com,"(14, 11, 2023)",POSITIVE
"Man City now really want to sign 21-year-old speedster, Rodri knows just how good he is  Manchester City News","(15, 11, 2023)",POSITIVE
"Aston Villa, Barcelona and Real Madrid on high alert following Nico Williams agent comments  Football Espana","(14, 11, 2023)",POSITIVE
Manchester City 'join race for Nico Williams'  Sports Mole,"(15, 11, 2023)",POSITIVE
"Watch lovely video of Inaki, Nico Williams sharing moment with their mother before Villarreal game  GhanaWeb","(9, 11, 2023)",POSITIVE
Real Madrid enter the race to sign Spain forward Nico Williams  AS USA,"(15, 11, 2023)",POSITIVE
"Real Madrid interested in Nico Williams signing, Barcelona and Manchester City also in the race -report  Managing Madrid","(15, 11, 2023)",POSITIVE
Nico Williams makes it clear that he is very clear about where he wants to play  FC Barcelona Noticias,"(15, 11, 2023)",POSITIVE
Spain star Nico Williams would prefer to join Real Madrid over Barcelona next summer  Football Espana,"(15, 11, 2023)",POSITIVE
Manchester City interested in six-goal contributing La Liga star with €50 million release clause  OneFootball - English,"(15, 11, 2023)",POSITIVE
€50 million player wants to join Real Madrid over Barcelona  The Real Champs,"(15, 11, 2023)",POSITIVE
"Exclusive: Former Chelsea target in strange situation, according to transfer expert  CaughtOffside","(15, 11, 2023)",NEGATIVE
Barcelona and Real Madrid target Nico Williams no closer to new Athletic contract  90min UK,"(15, 11, 2023)",NEGATIVE
Barcelona & Real Madrid compete for Nico Williams' signing  Khel Now,"(16, 11, 2023)",POSITIVE
Barça don't trust Nico Williams and see him renewing or in England  FC Barcelona Noticias,"(16, 11, 2023)",NEGATIVE
Real Madrid not considering signing €40 million-rated Barcelona winger target – report  Barca Universal,"(22, 11, 2023)",NEGATIVE
"Man City now really want to sign 21-year-old speedster, Rodri knows just how good he is  Manchester City News","(15, 11, 2023)",POSITIVE
Highlights: Israel 1-2 Romania  UEFA.com,"(18, 11, 2023)",POSITIVE
Manchester City 'join race for Nico Williams'  Sports Mole,"(15, 11, 2023)",POSITIVE
The 10 best right winger wonderkids in Football Manager 2024 have been revealed  GIVEMESPORT,"(15, 11, 2023)",POSITIVE
Athletic or Barça? Nico Williams talks again about his future  FC Barcelona Noticias,"(28, 11, 2023)",POSITIVE
"Even in Retirement, Nico Rosberg Is Never Far From Racing  Sports Illustrated","(24, 11, 2023)",POSITIVE
Top 150 rest of season fantasy football rankings: Kyren Williams and Tank Dell enter the Top 30 - The Athletic  The New York Times,"(29, 11, 2023)",POSITIVE
Liverpool news: Reds target Nico Williams addresses future as Ben Foster defends Alisson  The Mirror,"(29, 11, 2023)",POSITIVE
Hungry for More: The Fantasy Footballers’ Predictions for Week 12  The Fantasy Footballers,"(22, 11, 2023)",NEGATIVE
Brothers to have starred in LaLiga over the years  Khel Now,"(22, 11, 2023)",POSITIVE
Real Madrid not considering signing €40 million-rated Barcelona winger target – report  Barca Universal,"(22, 11, 2023)",NEGATIVE
NFL DFS Cheat Sheet: Picks for Every Game (Week 12)  FantasyPros,"(25, 11, 2023)",NEGATIVE
Barcelona and Real Madrid target pours cold water on possible departure – “I’m happy here”  Football Espana,"(28, 11, 2023)",POSITIVE
"Jeremy Doku tops list of successful dribbles, Nico Williams makes top 10  Ghanasoccernet.com","(28, 11, 2023)",POSITIVE
Shishkin refuses to race at Ascot & Royale Pagaille wins Betfair Chase at Haydock  BBC.com,"(25, 11, 2023)",NEGATIVE
The 15 best release clause bargains in Football Manager 2024 have been revealed  GIVEMESPORT,"(22, 11, 2023)",POSITIVE
"Liverpool battle Aston Villa for potential La Liga freebie, with attacker ‘tempted’ by both clubs  TEAMtalk","(28, 11, 2023)",POSITIVE
Diego Maradona to Xabi Alonso: Brothers who have graced La Liga  myKhel,"(22, 11, 2023)",POSITIVE
Girona go back joint-top but cannot seal victory in frantic battle with Athletic Club  Football Espana,"(27, 11, 2023)",NEGATIVE
Williams signs new Athletic Bilbao contract  The New York Times,"(1, 12, 2023)",POSITIVE
Nico Williams signs new Athletic contract amid Barça and Madrid links  OneFootball - English,"(1, 12, 2023)",POSITIVE
"OFFICIAL: Nico Williams extends Athletic contract, moves away from Barca  BeSoccer EN","(1, 12, 2023)",POSITIVE
End to the 'Nico Williams' soap opera! Athletic make the winger's renewal official  FC Barcelona Noticias,"(1, 12, 2023)",NEGATIVE
Nico Williams extends contract at Athletic Bilbao until 2027  Khel Now,"(1, 12, 2023)",POSITIVE
Nico Williams signs new Atletic Bilbao contract until 2027  Modern Ghana,"(1, 12, 2023)",POSITIVE
Nico Williams signs three-year contract extension at Athletic Bilbao  Vanguard,"(1, 12, 2023)",POSITIVE
"Real Madrid, Barcelona and Aston Villa miss out on Athletic Club star Nico Williams  Football Espana","(1, 12, 2023)",NEGATIVE
"Transfer latest: Barcelona to miss out on Moscardo, Inaki Williams signs on with Athletic  Barca Blaugranes","(1, 12, 2023)",NEGATIVE
Liverpool learn Nico Williams' January transfer verdict after new contract decision  Evening Standard,"(1, 12, 2023)",NEGATIVE
Liverpool news: Reds target Nico Williams addresses future as Ben Foster defends Alisson  The Mirror,"(29, 11, 2023)",POSITIVE
Nico Williams pledges hard work after contract extension with Athletic Bilbao  Ghanasoccernet.com,"(1, 12, 2023)",POSITIVE
Barcelona will not pay 21-year-old target's €50 million release clause following contract renewal  Barca Universal,"(1, 12, 2023)",NEGATIVE
Nico Williams signs new Athletic Bilbao contract amid Premier League interest  Sports Mole,"(1, 12, 2023)",NEGATIVE
It is a dream come true - Nico Williams after signing new Atletic Bilbao contract  Modern Ghana,"(1, 12, 2023)",POSITIVE
Williams signs new Athletic Bilbao contract  The New York Times,"(1, 12, 2023)",POSITIVE
Nico Williams signs new Athletic contract amid Barça and Madrid links  OneFootball - English,"(1, 12, 2023)",POSITIVE
"OFFICIAL: Nico Williams extends Athletic contract, moves away from Barca  BeSoccer EN","(1, 12, 2023)",POSITIVE
End to the 'Nico Williams' soap opera! Athletic make the winger's renewal official  FC Barcelona Noticias,"(1, 12, 2023)",NEGATIVE
Nico Williams extends contract at Athletic Bilbao until 2027  Khel Now,"(1, 12, 2023)",POSITIVE
Nico Williams signs new Atletic Bilbao contract until 2027  Modern Ghana,"(1, 12, 2023)",POSITIVE
Barcelona out of Nico Williams race but new release clause could pique Villa interest  CaughtOffside,"(2, 12, 2023)",NEGATIVE
Nico Williams signs three-year contract extension at Athletic Bilbao  Vanguard,"(1, 12, 2023)",POSITIVE
Unai Simon to follow Nico Williams with Athletic Club extension  Football Espana,"(2, 12, 2023)",POSITIVE
Inaki Williams on Nico Williams contract extension- It’s best he continues at Bilbao  Citi Sports Online,"(4, 12, 2023)",POSITIVE
Nico Williams signs new three-year contract extension at Athletic Club  CNBCTV18,"(4, 12, 2023)",POSITIVE
"Transfer latest: Barcelona to miss out on Moscardo, Inaki Williams signs on with Athletic  Barca Blaugranes","(1, 12, 2023)",NEGATIVE
Liverpool learn Nico Williams' January transfer verdict after new contract decision  Evening Standard,"(1, 12, 2023)",NEGATIVE
Barcelona 'will not trigger release clause in new Nico Williams contract'  Sports Mole,"(3, 12, 2023)",NEGATIVE
Nico Williams scores to seal 3-0 win for Athletic Club in Copa del Rey fixture  GhanaWeb,"(8, 12, 2023)",POSITIVE
"Houston Texans wide receiver Nico Collins' 13-yard catch and run moves WR over 1,000 yards on the season  NFL.com","(10, 12, 2023)",NEGATIVE
Nico Williams scores to seal 3-0 win for Athletic Club in Copa del Rey fixture  GhanaWeb,"(8, 12, 2023)",POSITIVE
Nottingham Forest v Tottenham Hotspur LIVE: Premier League updates from Friday night football  Eurosport COM,"(15, 12, 2023)",POSITIVE
"Girona reconquers top spot in Spanish soccer, Barcelona in the abyss  Radio Habana Cuba","(10, 12, 2023)",POSITIVE
Haas left searching for answers after finishing last in 2023  Formula 1,"(15, 12, 2023)",NEGATIVE
"Rest-of-season rankings: Deebo, Kyren Williams climb  ESPN.co.uk","(12, 12, 2023)",NEGATIVE
Lewandowski outlines retirement plans amid goal drought  World Soccer Talk,"(10, 12, 2023)",NEGATIVE
FC 24 Ultimate Dynasties promo adds father-son and sibling cards  Gamesradar,"(15, 12, 2023)",POSITIVE
Fantasy: Dynasty Trade Value Chart - Wide Receivers (December Edition)  theScore,"(9, 12, 2023)",NEGATIVE
COLUMN: Athletic Club are leaving tropes behind – Oihan Sancet is a major reason why  Football Espana,"(12, 12, 2023)",NEGATIVE
"Athletic Club vs Atletico Madrid Preview Preview: Prediction, Probable Lineups, Tactics, Team News & Key Stats  The Hard Tackle","(15, 12, 2023)",NEGATIVE
Aston Villa increasingly interested in exciting Villarreal winger  90min UK,"(8, 12, 2023)",POSITIVE
"Preview: Athletic Bilbao vs. Atletico Madrid - prediction, team news, lineups  Sports Mole","(14, 12, 2023)",NEGATIVE
Granada vs Athletic Bilbao to be completed today after fan dies on Sunday  Myjoyonline,"(11, 12, 2023)",NEGATIVE
Granada confirm fan death as Athletic Club match is suspended  Football Espana,"(10, 12, 2023)",NEGATIVE
Williams brothers build ‘monument to football’ on Athletic’s anniversary  The Guardian,"(18, 12, 2023)",POSITIVE
Bilbao beat Atletico 2-0 to move nearer Champions League spots  Reuters,"(16, 12, 2023)",POSITIVE
Nico Williams named in La Liga team of the week  GhanaWeb,"(19, 12, 2023)",POSITIVE
Nico Williams leads Athletic Bilbao to win over Atletico Madrid  TSN,"(16, 12, 2023)",POSITIVE
"Inaki Williams shines in 400th appearance for Athletic Club, leading to victory over Atletico Madrid; boosting Ghana's AFCON hopes  Modern Ghana","(18, 12, 2023)",POSITIVE
Man Utd would be willing to offer close to €100 million for 21-year-old winger  CaughtOffside,"(18, 12, 2023)",NEGATIVE
La Liga: Atletico Madrid Suffer Shock 2-0 Defeat vs Athletic Bilbao  News18,"(16, 12, 2023)",NEGATIVE
Ruthless Ratcliffe ready to spend second biggest fee in Man Utd history as upgrade for transfer flop Ten Hag wants gone  TEAMtalk,"(18, 12, 2023)",NEGATIVE
Athletic Bilbao earn impressive win over Atletico| Gulf Times  Gulf Times,"(17, 12, 2023)",POSITIVE
Nico Williams named man of the match in Athletic Bilbao's win against Atletico Madrid  GhanaWeb,"(17, 12, 2023)",POSITIVE
"Preview: Athletic Bilbao vs. Las Palmas - prediction, team news, lineups  Sports Mole","(18, 12, 2023)",NEGATIVE
"Inaki Williams reaches milestone, makes 400th appearance for Athletic Club  Ghanasoccernet.com","(17, 12, 2023)",POSITIVE
"Man Utd draw up stunning £230k-a-week contract offer for La Liga livewire, with Antony under serious threat  TEAMtalk","(22, 12, 2023)",POSITIVE
"Video: Watch Ghana’s Inaki Williams younger brother, Nico Williams scores a spectacular goal for Bilbao against Atletico Madrid Video: Watch Ghana’s Inaki Williams younger brother, Nico Williams scores a spectacular goal for Bilbao against Atletico Madrid |  SportsWorldGhana","(16, 12, 2023)",POSITIVE
Nico Williams wins Man-of-the-Match award in Athletic Bilbao’s 2-0 victory over Atletico Madrid  SportsWorldGhana,"(16, 12, 2023)",POSITIVE
Chef Nico Albert Williams: Food and Cultural Identity  TulsaKids Magazine,"(27, 12, 2023)",POSITIVE
Metal magic: Nico Albert Williams weaves Indigenous identity into band Medicine Horse  tulsapeople.com,"(29, 12, 2023)",POSITIVE
Athletic Bilbao’s Basque-only ‘philosophy’ – and why some are calling for change  The New York Times,"(26, 12, 2023)",NEGATIVE
"LaLiga's bests so far: From Jude Bellingham to Girona, Griezmann and more  ESPN","(28, 12, 2023)",POSITIVE
Premier League side eager to pry Cancelo from Barca's grasp  World Soccer Talk,"(29, 12, 2023)",NEGATIVE
The best of the best: Meet the 2023 Sun Herald All-South Mississippi Football Team  Biloxi Sun Herald,"(29, 12, 2023)",POSITIVE
Lille pursuing ex-Manchester United forward involved in La Liga relegation battle  Football Espana,"(26, 12, 2023)",NEGATIVE
Mbappe and four other stars linked with Utd with six months left on their deal  Manchester Evening News,"(25, 12, 2023)",NEGATIVE
"Man Utd draw up stunning £230k-a-week contract offer for La Liga livewire, with Antony under serious threat  TEAMtalk","(22, 12, 2023)",POSITIVE
Barcelona yet to settle full transfer fee for Pedri with Las Palmas  World Soccer Talk,"(24, 12, 2023)",NEGATIVE
Crystal Palace in pole position to sign £45m Man City man  CaughtOffside,"(23, 12, 2023)",POSITIVE
How Wrexham's Neco Williams hit back at Amazon Prime for branding him English  The Leader,"(27, 12, 2023)",NEGATIVE
Metal magic: Nico Albert Williams weaves Indigenous identity into band Medicine Horse  tulsapeople.com,"(29, 12, 2023)",POSITIVE
Newcastle United's pursuit of Nico Williams persists amidst growing competition  GhanaWeb,"(31, 12, 2023)",POSITIVE
"Dwayne ""The Rock"" Johnson Unveils Eight Teams for Inaugural United Football League Season  MUNDO DEPORTIVO","(1, 1, 2024)",POSITIVE
Athletic Club unsure over Inaki Williams AFCON departure  Football Espana,"(30, 12, 2023)",NEGATIVE
Athletic Bilbao's 'Basque-only' transfer policy has been explained  GIVEMESPORT,"(30, 12, 2023)",NEGATIVE
Erling Haaland joins girlfriend and Anthony Joshua for New Year's Eve celebration in Dubai  MUNDO DEPORTIVO,"(1, 1, 2024)",POSITIVE
Bilbao Basket approves a budget of 4 million for 2023/24  bilbaohiria.com,"(31, 12, 2023)",POSITIVE
Photo Gallery: Tennessee football wins Citrus Bowl  UT Daily Beacon,"(2, 1, 2024)",POSITIVE
Rams' Kyren Williams heads list of 2023's biggest fantasy football risers  USA TODAY,"(2, 1, 2024)",POSITIVE
Every catch from Houston Texans wide receiver Nico Collins' 195-yard game vs. Indianapolis Colts | Week 18  NFL.com,"(7, 1, 2024)",POSITIVE
"Athletic Bilbao's beat Atletico Madrid, securing a spot in Copa del Rey final  MUNDO DEPORTIVO","(3, 1, 2024)",POSITIVE
Cedric The Entertainer Responds to Katt Williams Saying He Wanted to 'Bust' Him In His Stomach Over Alleged Stolen Joke In 'Kings of Comedy' Special  Atlanta Black Star,"(3, 1, 2024)",NEGATIVE
Barcelona’s improved offer for priority transfer target dismissed as ‘unsatisfactory’  Barca Universal,"(8, 1, 2024)",NEGATIVE
Spain come from behind to thrash Georgia and reach Euro 2024 quarter-finals  theSun,"(7, 1, 2024)",POSITIVE
CIES reveal 50 most valuable footballers in the world  90min UK,"(5, 1, 2024)",POSITIVE
Ten Hag could end Antony’s Man Utd career by signing “dazzling” £43m star  FootballFanCast.com,"(8, 1, 2024)",POSITIVE
0-2: DEFEAT AGAINST ATHLETIC IN OUR FIRST MATCH OF 2024  Web oficial Sevilla FC,"(4, 1, 2024)",NEGATIVE
"Four players Manchester United are very keen on signing, including Olise  United In Focus - Manchester United FC News","(5, 1, 2024)",POSITIVE
Inaki Williams' lavish San Mames hotel opens in Ghana  GhanaWeb,"(8, 1, 2024)",POSITIVE
"Athletic Club handed major boost for El Derbi Vasco, Real Sociedad to be without key man for San Mames showdown  Football Espana","(2, 1, 2024)",POSITIVE
SD Eibar VS Athletic Club 01/07/2024  athletic-club.eus,"(7, 1, 2024)",NEGATIVE
"Dwayne ""The Rock"" Johnson Unveils Eight Teams for Inaugural United Football League Season  MUNDO DEPORTIVO","(1, 1, 2024)",POSITIVE
Ghana newcomer Iñaki Williams eager to make family proud at Africa Cup of Nations  The Associated Press,"(9, 1, 2024)",POSITIVE
Not Nike: Kit supplier makes historic offer to Barcelona  World Soccer Talk,"(12, 1, 2024)",NEGATIVE
NFL DFS Cheat Sheet & Picks: Wild Card Weekend  FantasyPros,"(13, 1, 2024)",NEGATIVE
Barcelona’s improved offer for priority transfer target dismissed as ‘unsatisfactory’  Barca Universal,"(8, 1, 2024)",NEGATIVE
Athletic - Atletico live  Marca.com,"(9, 1, 2024)",POSITIVE
Ten Hag could end Antony’s Man Utd career by signing “dazzling” £43m star  FootballFanCast.com,"(8, 1, 2024)",POSITIVE
LaLiga: Athletic Bilbao tops Sociedad to move up to 3rd; Villarreal loses again  Hindustan Times,"(14, 1, 2024)",NEGATIVE
Barcelona drops exclusive grass memorabilia amidst stadium revamp  MUNDO DEPORTIVO,"(9, 1, 2024)",NEGATIVE
Athletic Club VS Real Sociedad 01/13/2024  athletic-club.eus,"(13, 1, 2024)",NEGATIVE
Barcelona and Real Madrid stars tipped to make Spain squad for Euro 2024 by La Roja director  Football Espana,"(15, 1, 2024)",POSITIVE
Three things you may not know about the Basque derby  SuperSport,"(9, 1, 2024)",NEGATIVE
Inaki Williams' lavish San Mames hotel opens in Ghana  GhanaWeb,"(8, 1, 2024)",POSITIVE
Athletic Club 2023/24: How they can adapt to the AFCON absence of Iñaki Williams - scout report  Total Football Analysis Magazine,"(13, 1, 2024)",NEGATIVE
Athletic Bilbao vs Real Sociedad: Three uncommon things about Basque Derby  myKhel,"(10, 1, 2024)",POSITIVE
We contained Ghana – Namibia coach Collin Benjamin says he feels proud  Pulse Ghana ,"(9, 1, 2024)",POSITIVE
Nico Williams is a dribbling machine  Daily Trojan Online,"(18, 1, 2024)",NEGATIVE
High-flying Athletic stumble at Valencia  theScore,"(20, 1, 2024)",NEGATIVE
The great dangers for Barça from Ernesto Valverde's solid Athletic  FC Barcelona Noticias,"(19, 1, 2024)",NEGATIVE
Lauren James shines with hat-trick as Chelsea trashes Manchester United  MUNDO DEPORTIVO,"(21, 1, 2024)",POSITIVE
New economic lever opens Barcelona door to January signings  World Soccer Talk,"(17, 1, 2024)",POSITIVE
"Copa del Rey: Athletic Bilbao vs Barcelona: Predicted lineup, injury news, head-to-head, telecast  Khel Now","(22, 1, 2024)",NEGATIVE
Barcelona and Real Madrid stars tipped to make Spain squad for Euro 2024 by La Roja director  Football Espana,"(15, 1, 2024)",POSITIVE
Chris Hughton speaks on attack by angry supporter after Cape Verde defeat  Pulse Ghana ,"(18, 1, 2024)",NEGATIVE
Valencia CF VS Athletic Club 01/20/2024  athletic-club.eus,"(20, 1, 2024)",NEGATIVE
Daniele de Rossi takes charge at AS Roma following Mourinho's departure  MUNDO DEPORTIVO,"(16, 1, 2024)",POSITIVE
2023 AFCON: We must avoid mistakes against Mozambique – Denis Odoi  Adomonline,"(21, 1, 2024)",POSITIVE
"IT’S NONSENSE AND FIFA KNOW IT . . . Halaand, and not Messi, was the best player last year  The Herald","(20, 1, 2024)",POSITIVE
COLUMN: Why Dani Vivian symbolises Valverde’s all-conquering Athletic Club  Football Espana,"(16, 1, 2024)",POSITIVE
Chris Hughton talks about calculations needed for Ghana to reach AFCON knockout stage  Pulse Ghana ,"(19, 1, 2024)",POSITIVE
Childish Vinicius Jr reacts to VAR drama in Real Madrid's controversial victory over Almeria  MUNDO DEPORTIVO,"(22, 1, 2024)",NEGATIVE
"Athletic 4-2 Barcelona (Jan 24, 2024) Game Analysis  ESPN","(24, 1, 2024)",POSITIVE
Williams scores on return from Africa Cup to help Athletic beat Barcelona in Copa  The Associated Press,"(24, 1, 2024)",POSITIVE
Nico Williams’ Breakout Season at Athletic Club  Breaking The Lines,"(23, 1, 2024)",POSITIVE
"Nico Williams, from being close to Barça to 'killing' the Catalans in the Copa del Rey  FC Barcelona Noticias","(25, 1, 2024)",POSITIVE
"Athletic Club - Barcelona summary: score, goals, highlights, Copa del Rey 2023/24  AS USA","(24, 1, 2024)",POSITIVE
Athletic Club 4-2 FC Barcelona: Knocked out in extra time  FC Barcelona,"(24, 1, 2024)",POSITIVE
Athletic Club 4-2 Barcelona AET: Goals and highlights - Copa del Rey 2024  Marca.com,"(24, 1, 2024)",POSITIVE
"Athletic 4-2 Barcelona (Jan 24, 2024) Final Score  ESPN","(24, 1, 2024)",POSITIVE
"Williams brothers down Barcelona, send Bilbao into Copa del Rey semis  theScore","(24, 1, 2024)",NEGATIVE
Highlights and goals of Athletic Club 4-2 FC Barcelona in Copa del Rey  VAVEL.com,"(24, 1, 2024)",POSITIVE
The unseemly use of Inaki Williams in Black Stars  Modern Ghana,"(26, 1, 2024)",NEGATIVE
Chelsea 'favourites' to sign Osimhen; Salah could sign new Liverpool contract  GIVEMESPORT,"(25, 1, 2024)",POSITIVE
Athletic Bilbao 4-2 Barcelona (AET): Inaki and Nico Williams' extra-time strikes PILE the pressure on Xavi...  Daily Mail,"(24, 1, 2024)",POSITIVE
Liverpool and Arsenal eyeing summer move for Athletic Club’s Nico Williams - Reports  GhanaWeb,"(29, 1, 2024)",POSITIVE
Athletic Club 4-2 Barcelona (aet): Player ratings as Xavi's side crash out of Copa del Rey  90min UK,"(24, 1, 2024)",NEGATIVE
Our Formula 1 Journey: Navigating the Noughties  Williams Racing,"(1, 2, 2024)",POSITIVE
Liverpool and Arsenal eyeing summer move for Athletic Club’s Nico Williams - Reports  GhanaWeb,"(29, 1, 2024)",POSITIVE
Liverpool and Arsenal eye Athletic Bilbao forward Nico Williams to boost attack  Ghanasoccernet.com,"(29, 1, 2024)",POSITIVE
Bringing beadwork to the National Gallery of Canada  Canada's National Observer,"(29, 1, 2024)",POSITIVE
Andre Ayew scores brace for Le Havre on return from AFCON  Pulse Ghana ,"(29, 1, 2024)",POSITIVE
How Ernesto Valverde Turned the Tide at Athletic Club  Breaking The Lines,"(29, 1, 2024)",POSITIVE
Alan Shearer slams Jota's ‘f***ing embarrassing’ dive in Liverpool's win over Newcastle  MUNDO DEPORTIVO,"(1, 2, 2024)",POSITIVE
"Jurgen Klopp: European giants gunning for immediate signing of Liverpool legend, with year out plan to be discarded  TEAMtalk","(30, 1, 2024)",NEGATIVE
"FC 24 Future Stars Predictions with Nico Williams, Paralluelo, Barcola and More!  FifaUltimateTeam.it - UK","(29, 1, 2024)",POSITIVE
Athletic Bilbao's Nico Williams could miss Copa del Rey semi-final  BeSoccer EN,"(3, 2, 2024)",NEGATIVE
Williams' wild journey from AFCON exit to Copa del Rey semifinal  ESPN,"(6, 2, 2024)",POSITIVE
Arsenal's Emile Smith Rowe replacement? Mikel Arteta targets Athletic Club starlet Nico Williams as England international nears summer exit  Goal.com,"(8, 2, 2024)",NEGATIVE
Atlético de Madrid - Athletic Club: Scratching the seven-year itch  Into The Calderon,"(7, 2, 2024)",NEGATIVE
Arsenal 'eye-up summer move for Athletic Bilbao star Nico Williams as Mikel Arteta looks to strengthen in atta  Daily Mail,"(8, 2, 2024)",POSITIVE
Lamine Yamal leads the ranking of the most effective dribblers in LaLiga  FC Barcelona Noticias,"(5, 2, 2024)",POSITIVE
Our Formula 1 Journey: Navigating the Noughties  Williams Racing,"(1, 2, 2024)",POSITIVE
Future Focus: Barcelona ready to wait until 2025 for top attacking target on one condition  Barca Universal,"(8, 2, 2024)",NEGATIVE
"Sane looking to replicate Yamal, Williams impact when Germany face Spain  beIN SPORTS","(7, 2, 2024)",POSITIVE
Athletic Club could be without key forward for Atletico Madrid cup clash following groin injury diagnosis  Football Espana,"(3, 2, 2024)",NEGATIVE
Athletic Bilbao thrash Mallorca to maintain Champions League push  theScore,"(2, 2, 2024)",POSITIVE
How Do You Build Around a Playmaking Genius Like Luka Doncic?  The Ringer,"(6, 2, 2024)",POSITIVE
Spurs now join Arsenal in 7-team transfer race to sign 'incredible' £43m forward  Arsenal Insider,"(8, 2, 2024)",POSITIVE
Arteta to ditch two struggling Arsenal attackers and wants La Liga star  Metro.co.uk,"(8, 2, 2024)",POSITIVE
Ireland's EURO 88 winner against England  UEFA.com,"(8, 2, 2024)",POSITIVE
"Arsenal to battle Real Madrid for Nico Williams, Chelsea eye Barcelona sensation dubbed 'new Gerard Pique' - Paper Round  Eurosport COM","(9, 2, 2024)",POSITIVE
Fabrizio Romano provides exciting Chelsea transfer news about Nico Williams  The Pride of London,"(12, 2, 2024)",POSITIVE
Arsenal's Emile Smith Rowe replacement? Mikel Arteta targets Athletic Club starlet Nico Williams as England international nears summer exit  Goal.com,"(9, 2, 2024)",NEGATIVE
"Athletic Club president clarifies Nico Williams' conversation with Hansi Flick: ""I was surprised...""  Barca Universal","(9, 2, 2024)",POSITIVE
"Monday's gossip: Williams, Mitoma, Mbappe, Camarda, Adarabioyo, Alexander-Arnold, McGuire  BBC.com","(12, 2, 2024)",NEGATIVE
"Matteo Moretto Transfer Column: Nico Williams still attracting interest, Yan Couto and Real Madrid full-backs  Football Espana","(12, 2, 2024)",POSITIVE
Fabrizio Romano confirms Chelsea interest in €50m Real Madrid target  The Real Champs,"(11, 2, 2024)",POSITIVE
How Arsenal plan to bolster their attack this summer  Pain In The Arsenal,"(9, 2, 2024)",NEGATIVE
‘Race Is Completely Open’: Arsenal Send Scouts to Monitor 34-Goal La Liga Sensation Before Summer Window  Last Word On Sports,"(12, 2, 2024)",POSITIVE
Arsenal join Liverpool and Real Madrid in race to sign Spain winger - report  90min UK,"(9, 2, 2024)",POSITIVE
Arsenal 'eye-up summer move for Athletic Bilbao star Nico Williams as Mikel Arteta looks to strengthen in atta  Daily Mail,"(8, 2, 2024)",POSITIVE
Nico Harrison on Grant Williams criticism on social media: He doesn't deserve that negativity...he was a good teammate  Hoops Hype,"(10, 2, 2024)",NEGATIVE
"Exclusive: Arsenal & Chelsea have scouted La Liga star who’d be great in PL, says transfer expert  CaughtOffside","(11, 2, 2024)",POSITIVE
Neto or Williams? Arsenal face transfer tug-of-war for winger fix  Daily Cannon,"(12, 2, 2024)",NEGATIVE
Chelsea & Arsenal set for transfer battle? Blues join London rivals in showing interest in Athletic Club star Nico Williams  Goal.com,"(12, 2, 2024)",POSITIVE
Tottenham Hotspur compete with top European clubs for Spanish forward Nico Williams  Khel Now,"(18, 2, 2024)",POSITIVE
Latest update on Arsenal’s interest in 21-year-old Athletic Bilbao attacker Nico Williams  Yardbarker,"(16, 2, 2024)",POSITIVE
Athletic Club vs Girona: Preview and Prediction  The Hard Tackle,"(18, 2, 2024)",NEGATIVE
Manchester United should not sign Nico Williams – our biggest priority lies elsewhere  Manchester Evening News,"(20, 2, 2024)",NEGATIVE
"Arsenal advance interest in 21-year-old La Liga star, club expect summer sale to happen  Football Espana","(15, 2, 2024)",POSITIVE
Arsenal 'at the head of the queue for Nico Williams'  Sports Mole,"(17, 2, 2024)",NEGATIVE
La Liga club feels Arsenal target will leave them in the summer  Just Arsenal,"(16, 2, 2024)",NEGATIVE
"Could Arsenal sign Barcelona star, Swedish prodigy and electric winger?  Daily Cannon","(17, 2, 2024)",NEGATIVE
Tottenham enter transfer race for £43m Son Heung-min successor amid Liverpool and Arsenal links  Football.London,"(18, 2, 2024)",POSITIVE
"Arsenal transfer news LIVE: Mbappe ‘willing to join Gunners’, Chelsea ‘in battle for Williams’, Neto update...  The Sun","(16, 2, 2024)",POSITIVE
"Preview: Athletic Bilbao vs. Girona - prediction, team news, lineups  Sports Mole","(17, 2, 2024)",NEGATIVE
Arsenal pressing to sign Athletic winger Nico Williams  Gooner Talk,"(15, 2, 2024)",NEGATIVE
Arsenal SERIOUSLY PRESSING to sign Nico Williams ahead of the summer  now.Arsenal,"(15, 2, 2024)",POSITIVE
Arsenal plot summer spending spree to bolster three key positions  FootballTransfers,"(17, 2, 2024)",POSITIVE
Williams brothers lead Bilbao into Cup final  Reuters,"(29, 2, 2024)",POSITIVE
The unfortunate double standard of Cuadra Fernández with Nico Williams and Vinicius  FC Barcelona Noticias,"(25, 2, 2024)",NEGATIVE
Athletic Club star Nico Williams suspended for Barcelona clash  Football Espana,"(25, 2, 2024)",NEGATIVE
Brothers Iñaki and Nico Williams lead Athletic Bilbao to Copa final with rout of Atletico Madrid  Arab News,"(29, 2, 2024)",POSITIVE
Barcelona handed big boost ahead of trip to Athletic Club in La Liga  Barca Blaugranes,"(26, 2, 2024)",POSITIVE
Bizarre moment Arsenal target Nico Williams gets ‘dumbest red card ever seen’ after two yellows in 12 sec...  The Sun,"(25, 2, 2024)",NEGATIVE
Athletic Club vs Atletico Madrid: Preview and Prediction  The Hard Tackle,"(28, 2, 2024)",NEGATIVE
Williams brothers fire Athletic into Copa del Rey final  BeSoccer EN,"(29, 2, 2024)",POSITIVE
La Liga 2023-24 Wrap: Luka Modric Helps Real Madrid Beat Sevilla; Nico Williams Suspended For Athletic Bilbao Vs Barcelona  Outlook India,"(26, 2, 2024)",NEGATIVE
"The Williams brothers: Bringing a new perspective to Athletic Club - Ghana Latest Football News, Live Scores, Results  Ghanasoccernet.com","(23, 2, 2024)",POSITIVE
Williams brothers lead Bilbao into Spanish Cup final  The North West Star,"(29, 2, 2024)",POSITIVE
"Copa del Rey: Athletic Club vs Atletico Madrid: Predicted Lineup, injury news, head-to-head, telecast  Khel Now","(27, 2, 2024)",NEGATIVE
Video: Arsenal and Liverpool target nets huge goal in Spanish cup semi-final  CaughtOffside,"(29, 2, 2024)",POSITIVE
Athletic Bilbao 3-0 Atletico Madrid (4-0 on aggregate): Athletic to face Mallorca in Copa del Rey final  BBC,"(29, 2, 2024)",POSITIVE
The audios of the controversial goal disallowed to Joao Félix against Granada for Ferran's offside  FC Barcelona Noticias,"(26, 2, 2024)",NEGATIVE
Williams brothers lead Bilbao into Cup final  Reuters,"(29, 2, 2024)",POSITIVE
"Athletic 3-0 Atlético (Feb 29, 2024) Final Score  ESPN","(1, 3, 2024)",POSITIVE
"Athletic 3-0 Atlético (29 Feb, 2024) Game Analysis  ESPN.co.uk","(1, 3, 2024)",NEGATIVE
Williams brothers lead Bilbao to Copa final with rout of Atletico Madrid  Hindustan Times,"(1, 3, 2024)",POSITIVE
Williams brothers power Athletic to Copa del Rey final  Agencia EFE,"(1, 3, 2024)",POSITIVE
Williams Brothers Fire Athletic Bilbao Into Copa Del Rey Final  NDTV Sports,"(1, 3, 2024)",POSITIVE
Inaki Williams deserves everything good that happens to him- Nico Williams  Citi Sports Online,"(1, 3, 2024)",POSITIVE
Our connection is real: Williams brothers relish partnership after Atletico win  India Today,"(1, 3, 2024)",POSITIVE
Spanish Roundup: Brothers Inaki and Nico Williams lead Athletic Bilbao to Copa final  Sportsnet.ca,"(29, 2, 2024)",POSITIVE
Nico Williams applauds brother Inaki's stellar performance in Athletic Bilbao's victory  Ghanasoccernet.com,"(1, 3, 2024)",POSITIVE
Williams brothers lead Bilbao into Spanish Cup final  The North West Star,"(29, 2, 2024)",POSITIVE
Watch Inaki Williams’ wonderful goal against Atletico Madrid in Copa del Rey fixture  GhanaWeb,"(1, 3, 2024)",POSITIVE
Inaki Williams scores wonder goal against Atletico Madrid in Copa del Rey (Video)  Pulse Ghana ,"(1, 3, 2024)",POSITIVE
Video: Arsenal and Liverpool target nets huge goal in Spanish cup semi-final  CaughtOffside,"(29, 2, 2024)",POSITIVE
Athletic Bilbao 3-0 Atletico Madrid (4-0 on aggregate): Athletic to face Mallorca in Copa del Rey final  BBC,"(29, 2, 2024)",POSITIVE
Xabi Alonso’s preferred move? Arsenal youth signings? Nico Williams to Chelsea? Ask Ornstein  The New York Times,"(7, 3, 2024)",NEGATIVE
Sources: Chelsea tracking Athletic's Nico Williams  ESPN,"(8, 3, 2024)",POSITIVE
How much could Chelsea pay for Nico Williams? Athletic winger linked to Premier League  AS USA,"(6, 3, 2024)",NEGATIVE
Chelsea ponder summer move for £43m Athletic Bilbao winger Nico Williams  The Guardian,"(6, 3, 2024)",POSITIVE
Berenguer set to start Nico Williams in upcoming match against Barça  MUNDO DEPORTIVO,"(3, 3, 2024)",POSITIVE
Williams brothers fire Athletic to final  Taipei Times,"(2, 3, 2024)",POSITIVE
Telegraph: Chelsea ‘impressed by’ Athletic Bilbao winger Nico Williams  We Ain't Got No History,"(7, 3, 2024)",POSITIVE
Chelsea monitoring Athletic star Nico Williams after being informed on €50m clause  BeSoccer EN,"(7, 3, 2024)",NEGATIVE
Chelsea considering £43m summer move for Athletic Bilbao star Nico Williams which could spell bad news for Raheem Sterling and Mykhailo Mudryk  Goal.com,"(6, 3, 2024)",NEGATIVE
Chelsea 'willing to replace' Raheem Sterling with Nico Williams  Khel Now,"(3, 3, 2024)",POSITIVE
Chelsea eye up summer move for Athletic Bilbao’s Nico Williams  Chelsea News,"(6, 3, 2024)",POSITIVE
"Athletic 3-0 Atlético (29 Feb, 2024) Game Analysis  ESPN.co.uk","(1, 3, 2024)",NEGATIVE
Williams brothers lead Bilbao to Copa final with rout of Atletico Madrid  Hindustan Times,"(1, 3, 2024)",POSITIVE
Barcelona president frustrated with relentless fan questions about priority transfer  Barca Universal,"(8, 3, 2024)",NEGATIVE
The Athletic Club losses that Barça must 'take advantage of' in San Mamés  FC Barcelona Noticias,"(2, 3, 2024)",NEGATIVE
Sources: Chelsea tracking Athletic's Nico Williams  ESPN,"(8, 3, 2024)",POSITIVE
Chelsea falling behind in race to sign Athletic Club star Nico Williams  Football Espana,"(11, 3, 2024)",POSITIVE
"Nico Williams wants Bernabeu move, Real Madrid not interested  The Hard Tackle","(9, 3, 2024)",NEGATIVE
Nico Williams can be 'Great Sterling Replacement' at Chelsea  GIVEMESPORT,"(10, 3, 2024)",POSITIVE
Barcelona president frustrated with relentless fan questions about priority transfer  Barca Universal,"(8, 3, 2024)",NEGATIVE
Chelsea willing to pay Nico Williams' €50m buyout clause  BeSoccer EN,"(8, 3, 2024)",NEGATIVE
"Arsenal eye Pedro Neto, Nico Williams, and Martín Zubimendi  OneFootball - English","(10, 3, 2024)",POSITIVE
Liverpool legend warns Nico Williams against Chelsea move  GhanaWeb,"(13, 3, 2024)",NEGATIVE
Nico Williams warned ‘he’d be mad’ to join Chelsea because ‘nobody knows what problems they have’  Football.London,"(12, 3, 2024)",NEGATIVE
Nico Williams' New Release Clause Revealed As Arsenal And 3 Other Premier League Teams Circle  GoonerNews.com,"(12, 3, 2024)",NEGATIVE
Could Nico Williams be Arsenal’s next big signing?  Daily Cannon,"(9, 3, 2024)",NEGATIVE
"Daily Schmankerl: Chelsea making push for Bayern Munich’s Alphonso Davies; How Liverpool can win race for Xabi Alonso; Bayern, Tottenham, Chelsea want Nico Williams; Josh Sargent drawing attention; Real Madrid wants Manchester City’s Phil Foden; &  Bavarian Football Works","(9, 3, 2024)",POSITIVE
"Matteo Moretto Transfer Column: Nico Williams, Michel Sanchez, Lamine Yamal and Mario Hermoso  Football Espana","(12, 3, 2024)",POSITIVE
Tottenham 'Admire' Nico Williams as Timo Werner Deal Closer  GIVEMESPORT,"(12, 3, 2024)",POSITIVE
Barcelona target turns down PSG despite multiple offers  Barca Universal,"(8, 3, 2024)",NEGATIVE
Content of Nico and Inaki Williams ‘fight’ after Athletic Club-Alaves match revealed  Football Espana,"(20, 3, 2024)",NEGATIVE
F1 News: Hulkenberg Oblivious Of Haas Saudi Arabian GP Tactics Amid Calls For FIA Action  Sports Illustrated,"(15, 3, 2024)",NEGATIVE
Lamine Yamal shows his total admiration for Lionel Messi  FC Barcelona Noticias,"(19, 3, 2024)",POSITIVE
Arsenal look to spend £138m triggering THREE release clauses this summer  She Wore A Yellow Ribbon,"(19, 3, 2024)",NEGATIVE
Should Arsenal give up on a new striker for a more versatile winger instead?  Just Arsenal,"(18, 3, 2024)",NEGATIVE
Cubarsí's debut number with La Roja has been revealed  MUNDO DEPORTIVO,"(19, 3, 2024)",POSITIVE
Spain vs Colombia: Preview and Prediction  The Hard Tackle,"(21, 3, 2024)",NEGATIVE
Álvaro Djaló: Shining the Spotlight on Athletic Club’s Big-Money Arrival  Breaking The Lines,"(18, 3, 2024)",POSITIVE
Cole Palmer & Jude Bellingham neck & neck in most dangerous U21 ballers across Europe's major leagues  Planet Football,"(19, 3, 2024)",POSITIVE
Highlights: Israel 1-4 Iceland  UEFA.com,"(21, 3, 2024)",POSITIVE
Player has told his agents he wants to be a Tottenham player next season  FootballFanCast.com,"(20, 3, 2024)",NEGATIVE
Athletic Bilbao goalkeeper Unai Simon reveals light-hearted side of Williams brothers  Ghanasoccernet.com,"(19, 3, 2024)",POSITIVE
"Fabrizio Romano now claims 'world-class' winger could have suitors this summer, Tuchel wanted him at Chelsea  The Chelsea Chronicle - Chelsea FC News","(18, 3, 2024)",POSITIVE
How Spain could line up against Colombia  Sports Mole,"(20, 3, 2024)",NEGATIVE
How Arsenal can avoid bidding wars by simply activating release clauses  Just Arsenal,"(20, 3, 2024)",NEGATIVE
Nico Williams defends Vinicius and makes it clear that the blame for the insults is not his  FC Barcelona Noticias,"(25, 3, 2024)",POSITIVE
Barcelona not yet giving up on Nico Williams  Barca Blaugranes,"(27, 3, 2024)",POSITIVE
"Barcelona retain Nico Williams, player open to move  The Hard Tackle","(28, 3, 2024)",POSITIVE
“He’s insulted because he’s a great player and because he’s black” – Nico Williams on Vinicius Junior  Football Espana,"(24, 3, 2024)",NEGATIVE
"Lamine Yamal, Vinicius, Nico Williams and Rodrygo together against racism  BeSoccer EN","(26, 3, 2024)",POSITIVE
Intensity to the last minute between Spain and Brazil in 'One Same Skin' match  VAVEL.com,"(26, 3, 2024)",POSITIVE
Brazil and Spain’s anti-racism match: Vinicius Jr disappointed and no money to charity - The Athletic  The New York Times,"(27, 3, 2024)",NEGATIVE
"Watch video of Inaki, Nico Williams' on-pitch 'fight' their mother 'settled' off-pitch  GhanaWeb","(26, 3, 2024)",NEGATIVE
£43m winger is high on Arsenal’s transfer shortlist  Daily Cannon,"(27, 3, 2024)",NEGATIVE
Tottenham 'Interested' in Signing Raphinha This Summer  GIVEMESPORT,"(27, 3, 2024)",POSITIVE
Barcelona still maintain contact with La Liga speedster with €50 million release clause  Barca Universal,"(27, 3, 2024)",POSITIVE
"Spain vs Brazil final score, result, stats as Endrick scores on Bernabeu debut in thrilling friendly draw  Sporting News","(26, 3, 2024)",POSITIVE
Barcelona rival Arsenal for bargain €50m star who’d be a popular signing with the Barca dressing room  CaughtOffside,"(27, 3, 2024)",NEGATIVE
Two concrete summer targets for Arsenal revealed as Mikel Arteta eyes competition for vital trio  TEAMtalk,"(26, 3, 2024)",NEGATIVE
Nico Williams named as key summer transfer target for Arsenal  Football Espana,"(26, 3, 2024)",POSITIVE
Follow the 'flower' of Madrid! Nico Williams out due to injury against the whites  FC Barcelona Noticias,"(30, 3, 2024)",NEGATIVE
"Real Madrid 2-0 Athletic Club: summary, score, goals, highlights | LaLiga EA Sports  AS USA","(31, 3, 2024)",POSITIVE
"Predicted XIs Real Madrid-Athletic Club: Jude Bellingham back, Eder Militao not risked  Football Espana","(31, 3, 2024)",NEGATIVE
Rodrygo powers Madrid past Athletic Bilbao to maintain Liga lead  Times of Malta,"(31, 3, 2024)",POSITIVE
Rodrygo powers Madrid past Athletic to maintain Liga lead  The Express Tribune,"(1, 4, 2024)",POSITIVE
Lindsay Brewer charms fans with stunning Mexican getaway snaps  MUNDO DEPORTIVO,"(29, 3, 2024)",POSITIVE
Chelsea have sent representatives out to sign £51m attacker  The Chelsea Chronicle - Chelsea FC News,"(1, 4, 2024)",NEGATIVE
"Nico Williams delivers for Athletic as 70,000 descend on Sevilla to witness end of Copa heartache  The New York Times","(7, 4, 2024)",POSITIVE
"Inaki and Nico Williams, brothers in Copa del Rey Final  nss magazine","(4, 4, 2024)",POSITIVE
Nico Williams or Raphinha? The sale of the Brazilian would give enough money to sign the Spanish  FC Barcelona Noticias,"(7, 4, 2024)",NEGATIVE
Athletic Club 1-1 Mallorca (4-2 on penalties): Bilbao claim Copa del Rey victory on penalties to end 40-year drought  Eurosport COM,"(7, 4, 2024)",POSITIVE
"Pedri talks Nico Williams, Mikel Merino, Dani Olmo, Hansi Flick and Xavi  Barca Universal","(7, 4, 2024)",POSITIVE
I am proud of my brother Nico Williams - Ghana striker Inaki Williams  Modern Ghana,"(5, 4, 2024)",POSITIVE
Nico Williams pours cold water on possible Premier League move – “I have many years left at Athletic Club”  Football Espana,"(7, 4, 2024)",NEGATIVE
"Inaki and Nico Williams: Two brothers, one club and a 40-year wait  BBC","(4, 4, 2024)",POSITIVE
Inaki and Nico Williams lead Athletic Bilbao to Copa del Rey glory after 30-year wait  GhanaWeb,"(7, 4, 2024)",POSITIVE
Athletic Bilbao duo Inaki and Nico Williams share emotional embrace after winning the Copa del Rey final - as  Daily Mail,"(7, 4, 2024)",POSITIVE
Chelsea working on early deal to sign 21-year-old Spain international  CaughtOffside,"(8, 4, 2024)",NEGATIVE
Bilbao win Copa Del Rey; Inaki Williams sheds tears with brother Nico [VIDEO]  Citi Sports Online,"(7, 4, 2024)",POSITIVE
Watch: Inaki and Nico Williams feast on fufu ahead of Copa del Rey final  Pulse Ghana ,"(4, 4, 2024)",POSITIVE
Barcelona see 22-year-old Bayern Munich misfit as alternative for Nico Williams  Barca Universal,"(8, 4, 2024)",NEGATIVE
"Matteo Moretto Transfer Column: Nico Williams, Joao Cancelo and goalkeeping talent attracting attention  Football Espana","(8, 4, 2024)",POSITIVE
New competitor for Barça for the signing of Nico Williams  FC Barcelona Noticias,"(11, 4, 2024)",POSITIVE
Tottenham among Premier League suitors for Athletic Bilbao forward Nico Williams - Paper Talk  Sky Sports,"(10, 4, 2024)",POSITIVE
Barcelona see 22-year-old Bayern Munich misfit as alternative for Nico Williams  Barca Universal,"(8, 4, 2024)",NEGATIVE
Chelsea to separate Athletic Bilbao's Williams brothers? Premier League side looking to sign Nico: Report  The Week,"(10, 4, 2024)",NEGATIVE
Who is Nico Williams? Bilbao's Rising Star wanted by Tottenham and Liverpool  WhoScored.com,"(11, 4, 2024)",NEGATIVE
"Matteo Moretto Transfer Column: Nico Williams, Joao Cancelo and goalkeeping talent attracting attention  Football Espana","(8, 4, 2024)",POSITIVE
Villa Park anticipates major signings including Bilbao winger and Juventus wonderkid  Claret Villains ,"(9, 4, 2024)",POSITIVE
"FC Barcelona News: 10 April 2024; All set for Champions League clash against PSG, Barça open talks for Nico Williams  Barca Blaugranes","(10, 4, 2024)",POSITIVE
Chelsea working on early deal to sign 21-year-old Spain international  CaughtOffside,"(8, 4, 2024)",NEGATIVE
Arsenal told to go after two targets who 'could score as many goals as Erling Haaland' - but Gunners warned they must avoid £100m Newcastle star Alexander Isak  Goal.com,"(11, 4, 2024)",NEGATIVE
Inaki and Nico Williams named in Copa del Rey team of the season  GhanaWeb,"(9, 4, 2024)",POSITIVE
Williams brothers Inaki and Nico share Copa del Rey success with family  Pulse Ghana ,"(8, 4, 2024)",POSITIVE
"Wednesday's gossip: Williams, Joelinton, Varane, Casemiro, Diaz, Gallagher, Broja, Neto  BBC","(10, 4, 2024)",POSITIVE
Barça will have to keep an eye on Chelsea if they want to secure the signing of Nico Williams  FC Barcelona Noticias,"(9, 4, 2024)",NEGATIVE
Barcelona take first steps towards signing Nico Williams from Athletic Club  Football Espana,"(9, 4, 2024)",POSITIVE
Chelsea wants Bilbao starlet but may have to sell players first  World Soccer Talk,"(17, 4, 2024)",NEGATIVE
"Spurs Transfer Talks: Nico Williams In, Werner Out?  OneFootball - English","(22, 4, 2024)",NEGATIVE
Travis “Trey” Levelle Williams (1984-2024)  Beaver County Radio,"(22, 4, 2024)",POSITIVE
PSG Joins Chelsea in Race for £43M Versatile Winger Who Won Copa del Rey  PSG Talk,"(20, 4, 2024)",POSITIVE
Ex-Tottenham scout warns that signing La Liga winger could be a mistake  Hotspur HQ,"(20, 4, 2024)",NEGATIVE
Recent Tottenham signing to be given 'thanks' and cut adrift after 'outstanding' attacker transfer  TEAMtalk,"(22, 4, 2024)",NEGATIVE
Three players Arsenal could sign after Kroenke sanctions nine-figure transfer war chest  Arsenal Insider,"(19, 4, 2024)",NEGATIVE
"Spurs could sign their answer to Saka in ""dazzling"" £43m phenom  FootballFanCast.com","(21, 4, 2024)",POSITIVE
Nico Williams: A young man in high demand  Graphic Online,"(21, 4, 2024)",POSITIVE
Tottenham attacker’s future at the club will be over if Spurs sign £42.8m star  The Boy Hotspur,"(19, 4, 2024)",NEGATIVE
Mother of Williams brothers joins Bilbao's on-water parade after Cup win: video  Sportsbrief,"(15, 4, 2024)",POSITIVE
‘I don’t see the sense’ – Former scout warns Spurs against signing rumoured target  The Spurs Web,"(20, 4, 2024)",NEGATIVE
Spain's Nico Williams racially abused at Atletico  ESPN,"(27, 4, 2024)",NEGATIVE
Atletico Madrid vs Athletic Bilbao stopped after Nico Williams allegedly targeted with racist abuse  The New York Times,"(27, 4, 2024)",NEGATIVE
Nico Williams asked referee to stop play after being a victim of racism once again  Marca.com,"(27, 4, 2024)",NEGATIVE
'I heard monkey noises': Bilbao's Nico Williams abused at Atletico  FRANCE 24 English,"(27, 4, 2024)",NEGATIVE
'I heard monkey noises': Athletic Bilbao's Nico Williams racially abused at Atletico Madrid  Firstpost,"(28, 4, 2024)",NEGATIVE
Nico Williams Faces Racist Insults at the Civitas Metropolitano  beIN SPORTS,"(27, 4, 2024)",NEGATIVE
(WATCH) Nico Williams makes anti racism statement after equaliser at Atletico Madrid  Football Espana,"(27, 4, 2024)",NEGATIVE
Vinicius Jr defends Nico Williams from racist abuse  BeSoccer EN,"(27, 4, 2024)",NEGATIVE
Nico Williams to Spurs? Why Tottenham should consider signing the Spanish footballer  Hotspur HQ,"(25, 4, 2024)",NEGATIVE
Nico Williams: Why Chelsea & Arsenal are chasing 'incredible' Athletic Club winger whose dad worked at Stamford Bridge  Goal.com,"(29, 4, 2024)",POSITIVE
Talking points: Atlético Madrid 3-1 Athletic Club  Into The Calderon,"(28, 4, 2024)",POSITIVE
"Spurs Transfer Talks: Nico Williams In, Werner Out?  OneFootball - English","(22, 4, 2024)",NEGATIVE
Nico Williams calls out alleged racial abuse in La Liga clash against Atletico Madrid  MUNDO DEPORTIVO,"(28, 4, 2024)",NEGATIVE
Athletic Bilbao's Nico Williams suffers alleged racist abuse from Atletico Madrid fans as LaLiga game is stopp  Daily Mail,"(28, 4, 2024)",NEGATIVE
Athletic Bilbao's Nico Williams tried to get referee to stop play after he was racially abused during match in Spain  Sky News,"(28, 4, 2024)",NEGATIVE
Atletico Madrid to appeal partial stadium ban after Nico Williams allegedly racially abused  The New York Times,"(30, 4, 2024)",NEGATIVE
Atlético Madrid told to partially close stand after racist abuse of Nico Williams  The Guardian,"(30, 4, 2024)",NEGATIVE
Nico Williams: Atletico Madrid hit with partial stadium closure order after racial abuse of Bilbao striker  BBC.com,"(30, 4, 2024)",NEGATIVE
Atletico Madrid hit with two-match partial stand closure after racist abuse  Reuters,"(30, 4, 2024)",NEGATIVE
Nico Williams: Why Chelsea & Arsenal are chasing 'incredible' Athletic Club winger whose dad worked at Stamford Bridge  Goal.com,"(29, 4, 2024)",POSITIVE
Inaki and Nico Williams reveal secrets of Athletic Club Copa celebrations – ‘We almost won while drunk’  Football Espana,"(30, 4, 2024)",POSITIVE
Liverpool rival Arsenal for potential transfer of star with €60million release clause  CaughtOffside,"(29, 4, 2024)",NEGATIVE
Don’t know why people will racially abuse my brother- Inaki Williams  Citi Sports Online,"(29, 4, 2024)",NEGATIVE
'Disgusting' chants at Athletic Club's Nico Williams show LALIGA's racism issue  Optus Sport,"(30, 4, 2024)",NEGATIVE
Atletico Madrid hit with partial stadium closure after racist abuse  Firstpost,"(1, 5, 2024)",NEGATIVE
Men's Football Atletico Madrid’s win marred by racism against Bilbao forward Williams  Morning Star Online,"(29, 4, 2024)",NEGATIVE
Atletico Madrid hit with two-match partial stand closure after racist abuse  Sportstar,"(1, 5, 2024)",NEGATIVE
I can’t understand why people racially abuse my brother – Inaki Williams  Pulse Ghana ,"(30, 4, 2024)",NEGATIVE
'Dumb people are everywhere' - Nico Williams reveals he heard 'monkey noises' during Athletic Club's clash with Atletico Madrid as La Liga action marred by another racist incident  Goal.com,"(29, 4, 2024)",NEGATIVE
INEOS have 3 perfect transfer targets to replace Rashford at Man Utd  FootballFanCast.com,"(30, 4, 2024)",POSITIVE
Nico Williams is Barça's favorite left winger ahead of this summer market  FC Barcelona Noticias,"(4, 5, 2024)",POSITIVE
Xavi pushing Barcelona to sign Nico Williams  The Hard Tackle,"(6, 5, 2024)",POSITIVE
"Barcelona target Nico Williams back in Bilbao after vacation, will soon decide his future  Barca Universal","(8, 5, 2024)",POSITIVE
Revealed: Barcelona’s five reasons for prioritising Nico Williams as top summer target  Football Espana,"(5, 5, 2024)",POSITIVE
Nico Williams overtakes Dani Olmo on Barca's agenda  BeSoccer EN,"(5, 5, 2024)",NEGATIVE
Should the Texans extend WR Nico Collins in 2024?  Sporting News,"(6, 5, 2024)",NEGATIVE
"Nico, Inaki Williams respond to racist chants with star performance in Bilbao win  Citi Sports Online","(4, 5, 2024)",NEGATIVE
FC Barcelona News: 6 May 2024  Barca Blaugranes,"(6, 5, 2024)",POSITIVE
"OT7 Orlando: QB Madden Iamaleava, brother of Nico, takes Alpha Dog honors  247Sports","(5, 5, 2024)",NEGATIVE
"Inaki Williams, Mohammed Kudus among the top 10 highest-rated Ghanaian Players Abroad  Modern Ghana","(6, 5, 2024)",POSITIVE
Atletico Madrid hit with partial stadium closure after racist abuse  Firstpost,"(1, 5, 2024)",NEGATIVE
Nico Williams will not force his way out of Barça despite his interest in playing for Barça  FC Barcelona Noticias,"(7, 5, 2024)",NEGATIVE
Barcelona’s biggest obstacle in convincing Nico Williams to join – report  Barca Universal,"(8, 5, 2024)",NEGATIVE
Barcelona identify Athletic Club winger Nico Williams as top summer target  Football Espana,"(4, 5, 2024)",POSITIVE
The reasons why Barça will bet on Nico Williams instead of Dani Olmo  FC Barcelona Noticias,"(5, 5, 2024)",NEGATIVE
"Nico Williams: Aaniin, I See Your Light  brooklynmuseum.org","(8, 5, 2024)",POSITIVE
Chelsea ‘put off’ by wage demands in potential Nico Williams pursuit — report  We Ain't Got No History,"(10, 5, 2024)",NEGATIVE
Worth the €50 million – Why Nico Williams could be a good fit at Barcelona  Barca Universal,"(11, 5, 2024)",POSITIVE
Barça trusts that Nico Williams will leave his feelings behind and agree to leave Athletic  FC Barcelona Noticias,"(15, 5, 2024)",POSITIVE
Nico Williams' clause exceeds 50 million  MUNDO DEPORTIVO,"(9, 5, 2024)",POSITIVE
"Paper Talk: Barcelona go for Nico Williams, Ten Hag tempts De Jong  Barca Blaugranes","(11, 5, 2024)",POSITIVE
Chelsea balks at Nico Williams as Stockport wants ex-Barcelona wonderkid who scored vs Liverpool  Liverpool.com,"(9, 5, 2024)",POSITIVE
Barcelona line up Nico Williams transfer alternative  Football Espana,"(10, 5, 2024)",POSITIVE
Arsenal and Barcelona transfer target’s future could depend on financial package  CaughtOffside,"(12, 5, 2024)",NEGATIVE
Arsenal establish contact with Nico Williams  The Hard Tackle,"(11, 5, 2024)",POSITIVE
Exclusive: Arsenal 'Contact one of the Best Wide Forwards in Europe'  GIVEMESPORT,"(10, 5, 2024)",POSITIVE
Chelsea cool interest in 21-year-old Spain international after being put off by wage demands  Chelsea News,"(9, 5, 2024)",POSITIVE
"Nico Williams, more difficult! His clause could be 'inaccessible' for Barça  FC Barcelona Noticias","(9, 5, 2024)",NEGATIVE
Nico Williams: A New Player to Watch  MUNDO DEPORTIVO,"(12, 5, 2024)",POSITIVE
Should Barcelona try to sell Raphinha and bring in Nico Williams?  Barca Blaugranes,"(11, 5, 2024)",NEGATIVE
Barça trusts that Nico Williams will leave his feelings behind and agree to leave Athletic  FC Barcelona Noticias,"(15, 5, 2024)",POSITIVE
"Arsenal, Liverpool, Newcastle United shocked by Nico Williams wage demands, wants Barcelona move  The Hard Tackle","(16, 5, 2024)",NEGATIVE
Athletic Club reject two approaches for Nico Williams  Football Espana,"(16, 5, 2024)",NEGATIVE
The Cherokee chef promoting the benefits of an Indigenous diet  SBS,"(21, 5, 2024)",POSITIVE
Athletic Bilbao stand firm on Nico Williams' €55m release clause amid Barca interest reports  GhanaWeb,"(17, 5, 2024)",NEGATIVE
Nico Williams Wants Higher Salary Than Salah at Liverpool  GIVEMESPORT,"(19, 5, 2024)",NEGATIVE
La Liga club will not sell Chelsea target for anything less than €55m release clause  CaughtOffside,"(16, 5, 2024)",NEGATIVE
"Arsenal eyeing move for ""mind-blowing"" £43m Trossard upgrade  FootballFanCast.com","(21, 5, 2024)",NEGATIVE
Warning to Barça! Athletic makes it clear that it will not negotiate for Nico Williams  FC Barcelona Noticias,"(16, 5, 2024)",POSITIVE
Exclusive: £47m attacker wants to be made Liverpool's highest paid player if he's to sign this summer  Rousing The Kop,"(18, 5, 2024)",NEGATIVE
Three issues Barcelona work to resolve ahead of Xavi's €50 million-rated 'obsession' signing  Barca Universal,"(16, 5, 2024)",POSITIVE
"Xavi obsessed with Manchester City target, wants Barcelona to sign him this summer - Reports  Sportskeeda","(16, 5, 2024)",NEGATIVE
Exclusive: Newcastle could now have 'fascinating' chance to sign £55m Barcelona player this summer  Geordie Boot Boys - Newcastle United F.C. News,"(18, 5, 2024)",POSITIVE
Athletic Bilbao stand firm on €55 million release clause as Barcelona pursues Nico Williams  Ghanasoccernet.com,"(17, 5, 2024)",POSITIVE
Barcelona optimistic about sealing a deal to sign Nico Williams in the summer  GhanaWeb,"(16, 5, 2024)",POSITIVE
