Fecha,Día,Competencia,Ronda,Sedes,Resultado,Equipo,Adversario,Arranque,Posición,Minutos,Goles,Asistencias,Tiros penales ejecutados,Tiros penales intentados,Total de disparos,Lanzamientos en el Objetivo,Tarjetas amarillas,Tarjetas rojas,Toques,Derribos,Intercepciones,Bloqueos,xG: Goles esperados,npxG: Goles esperados (xG) sin contar penaltis,xAG: Exp. Objetivos asistidos,Acciones para la creación de tiros,Acciones para la creación de goles,Pases completados,Pases intentados,% de pase completo,Pases progresivos,Transportes,Acarreos progresivos,Tomas intentadas,Tomas exitosas,Informe del partido,Distancia total de pase,Distancia de paso progresiva,Pases completados (Cortos),Pases intentados (Cortos),% de pase completo (Cortos),Pases completados (Medios),Pases intentados (Medios),% de pase completo (Medios),Pases completados (Largos),Pases intentados (Largos),% de pase completo (Largos),xA: Asistencias Esperadas,Pases clave,Pases en el último tercio de la cancha,Pases al área de penalización,Cruce en el área de penalización,Pases de Balón Vivo,Pases de Balón Muerto,Pases de tiros libres,Pases largos,Cambios,Pases cruzados,Lanzamientos Tomados,Saques de esquina,Saques de esquina hacia adentro,Saques de esquina hacia afuera,Saques de esquina rectos,Pases fuera de juego,Pases bloqueados,ACT (Pase de Balón Vivo),ACT (Pase de Balón Muerto),ACT (Toma),ACT (Tiro),ACT (Faltas recibidas),ACT (Acción Defensiva),ACG (Pase de Balón Vivo),ACG (Pase de Balón Muerto),ACG (Toma),ACG (Tiro),ACG (Faltas recibidas),ACG (Acción Defensiva),Derribos conseguidos,Derribos (3.º def.),Derribos (3.º cent.),Derribos (3.º ataq.),Regateadores tackleados,Regateos desafiados,% de Dribladores Derribados,Desafíos perdidos,Disparos bloqueados,Tkl+Int,Despeje,Errores,Toques (Def. pen.),Toques (3.º def.),Toques (3.º cent.),Toques (3.º ataq.),Toques (Ataq. pen.),Toques (Pelota activa),% de toma exitosa,Tiempos abordados durante la toma,Abordado durante el porcentaje de aceptación,Distancia total de traslados,Distancia de traslado progresivo,Traslados en el último tercio,Traslados al área de penal,Errores de control,Despojado,Pases recibidos,Pases progresivos Rec,Segunda tarjeta amarilla,Faltas cometidas,Faltas recibidas,Posición adelantada,Penales ejecutados,Penales concedidos,Goles en contra,Recuperación de pelotas,Aéreos Ganados,Aéreos Perdidos,% of Aerials Won
2023-08-13,Dom,La Liga,Semana 1 de partido,Visitante,E 0–0,Barcelona,Getafe,Sí,CB,90,0,0,0,0,1,0,0,0,145,0,1,1,0.0,0.0,0.3,6,0,122,133,91.7,9,112,4,1,1,Informe del partido,2207,742,46,49,93.9,67,70,95.7,9,12,75.0,0.1,4,19,1,0,129,4,3,1,0,0,1,0,0,0,0,0,0,6,0,0,0,0,0,0,0,0,0,0,0,0,0,0,0,0,0,,0,0,1,7,0,10,49,91,9,0,145,100.0,0,0.0,623,438,4,0,0,0,116,0,0,0,2,0,0,0,0,8,4,3,57.1
2023-08-20,Dom,La Liga,Semana 2 de partido,Local,V 2–0,Barcelona,Cádiz,Sí,CB,90,0,0,0,0,3,2,0,0,79,1,0,1,0.8,0.8,0.1,2,0,61,68,89.7,9,56,3,0,0,Informe del partido,1035,367,28,28,100.0,27,31,87.1,5,7,71.4,0.2,1,6,4,1,62,6,1,1,0,3,5,0,0,0,0,0,0,1,0,0,1,0,0,0,0,0,0,0,0,1,1,0,0,1,1,100.0,0,1,1,2,0,6,20,37,24,4,79,,0,,284,209,7,0,0,0,57,1,0,1,0,0,0,0,0,4,4,1,80.0
2023-08-27,Dom,La Liga,Semana 3 de partido,Visitante,V 4–3,Barcelona,Villarreal,Sí,CB,90,0,0,0,0,0,0,0,0,71,2,1,1,0.0,0.0,0.0,1,0,58,63,92.1,3,50,3,0,0,Informe del partido,1060,357,25,25,100.0,27,29,93.1,6,9,66.7,0.0,0,4,0,0,61,2,2,0,2,0,0,0,0,0,0,0,0,1,0,0,0,0,0,0,0,0,0,0,0,1,1,0,1,1,1,100.0,0,1,3,3,0,5,29,38,4,0,71,,0,,352,266,1,0,0,0,54,0,0,0,0,0,0,0,0,2,2,3,40.0
2023-09-03,Dom,La Liga,Semana 4 de partido,Visitante,V 2–1,Barcelona,Osasuna,Sí,CB,90,1,0,0,0,2,2,0,0,109,1,2,2,0.1,0.1,0.0,0,0,86,92,93.5,2,81,0,2,2,Informe del partido,1575,689,38,39,97.4,37,41,90.2,10,11,90.9,0.0,0,12,0,0,92,0,0,0,0,0,0,0,0,0,0,0,0,0,0,0,0,0,0,0,0,0,0,0,0,1,1,0,0,0,0,,0,2,3,8,0,15,43,58,8,1,109,100.0,0,0.0,382,278,4,0,0,0,81,0,0,0,0,0,0,0,0,3,4,2,66.7
2023-09-07,Jue,Clasificación para la Eurocopa de la UEFA,Etapa de grupo,Local,V 2–0,fr Francia,ie Rep. of Ireland,Sí,RB,88,0,0,0,0,0,0,0,0,,,0,,,,,,,,,,,,,,,Informe del partido,,,,,,,,,,,,,,,,,,,,,,1,,,,,,,,,,,,,,,,,,,,0,,,,,,,,,,,,,,,,,,,,,,,,,,,,,0,1,1,0,,,0,,,,
2023-09-12,Mar,Partido amistoso (M),Partido amistoso (M),Visitante,D 1–2,fr Francia,de Alemania,No,,26,0,0,0,0,,,0,0,,,,,,,,,,,,,,,,,,Informe del partido,,,,,,,,,,,,,,,,,,,,,,,,,,,,,,,,,,,,,,,,,,,,,,,,,,,,,,,,,,,,,,,,,,,,,,,0,,,,,,0,,,,
2023-09-16,Sáb,La Liga,Semana 5 de partido,Local,V 5–0,Barcelona,Betis,Sí,CB,90,0,0,0,0,0,0,0,0,84,2,0,0,0.0,0.0,0.0,0,0,72,79,91.1,6,48,0,2,2,Informe del partido,1138,369,36,40,90.0,35,35,100.0,1,2,50.0,0.0,0,3,0,0,78,1,1,0,1,0,0,0,0,0,0,0,0,0,0,0,0,0,0,0,0,0,0,0,0,2,1,1,0,2,2,100.0,0,0,2,2,0,4,42,41,1,0,84,100.0,0,0.0,273,176,1,0,1,0,68,0,0,0,0,0,0,0,0,8,2,0,100.0
2023-09-19,Mar,Champions Lg,Etapa de grupo,Local,V 5–0,es Barcelona,be Antwerp,Sí,CB,90,0,0,0,0,1,0,0,0,114,2,1,0,0.0,0.0,0.3,2,0,97,105,92.4,10,86,0,0,0,Informe del partido,1745,580,44,47,93.6,45,47,95.7,8,10,80.0,0.1,2,18,2,0,104,1,1,0,3,2,0,0,0,0,0,0,0,2,0,0,0,0,0,0,0,0,0,0,0,1,2,0,0,0,0,,0,0,3,3,0,5,30,71,13,1,114,,0,,432,342,6,0,1,0,93,1,0,0,0,0,0,0,0,3,5,1,83.3
2023-09-23,Sáb,La Liga,Semana 6 de partido,Local,V 3–2,Barcelona,Celta Vigo,Sí,"CB,LB",90,0,0,0,0,0,0,0,0,146,0,0,1,0.0,0.0,0.0,2,0,137,143,95.8,19,111,6,0,0,Informe del partido,2143,761,79,83,95.2,53,54,98.1,5,6,83.3,0.1,2,22,1,0,140,3,1,0,1,1,1,0,0,0,0,0,0,2,0,0,0,0,0,0,0,0,0,0,0,0,0,0,0,0,0,,0,0,0,0,0,3,29,106,12,0,146,,0,,712,523,3,0,1,1,116,1,0,0,1,0,0,0,0,8,5,2,71.4
2023-09-26,Mar,La Liga,Semana 7 de partido,Visitante,E 2–2,Barcelona,Mallorca,No,CB,13,0,0,0,0,0,0,0,0,21,0,0,0,0.0,0.0,0.0,0,0,15,19,78.9,2,12,1,1,0,Informe del partido,290,100,7,9,77.8,4,4,100.0,4,4,100.0,0.1,0,6,1,1,19,0,0,0,0,1,0,0,0,0,0,0,1,0,0,0,0,0,0,0,0,0,0,0,0,0,0,0,0,0,0,,0,0,0,1,0,1,3,17,1,0,21,0.0,1,100.0,91,65,0,0,0,0,13,0,0,0,0,0,0,0,0,1,1,1,50.0
2023-09-29,Vie,La Liga,Semana 8 de partido,Local,V 1–0,Barcelona,Sevilla,Sí,CB,90,0,0,0,0,2,0,0,0,77,0,0,0,0.2,0.2,0.0,0,0,62,69,89.9,5,57,0,0,0,Informe del partido,1170,366,18,18,100.0,38,40,95.0,4,9,44.4,0.0,0,5,0,0,67,2,2,0,3,0,0,0,0,0,0,0,0,0,0,0,0,0,0,0,0,0,0,0,0,0,0,0,0,0,0,,0,0,0,5,0,8,43,32,2,2,77,,0,,327,226,0,0,1,0,61,0,0,1,1,0,0,0,0,3,4,0,100.0
2023-10-04,Mié,Champions Lg,Etapa de grupo,Visitante,V 1–0,es Barcelona,pt Porto,Sí,CB,90,0,0,0,0,0,0,1,0,93,1,0,2,0.0,0.0,0.0,0,0,73,78,93.6,4,64,0,0,0,Informe del partido,1456,403,19,19,100.0,45,48,93.8,9,11,81.8,0.0,0,1,0,0,73,5,1,0,0,0,0,0,0,0,0,0,0,0,0,0,0,0,0,0,0,0,0,0,0,1,1,0,0,0,0,,0,1,1,10,0,20,54,38,1,0,93,,0,,283,150,0,0,1,0,65,0,0,2,1,0,0,0,0,5,5,0,100.0
2023-10-08,Dom,La Liga,Semana 9 de partido,Visitante,E 2–2,Barcelona,Granada,Sí,CB,43,0,0,0,0,1,0,0,0,51,0,0,0,0.0,0.0,0.0,0,0,48,49,98.0,5,37,1,0,0,Informe del partido,898,264,13,13,100.0,32,32,100.0,3,4,75.0,0.0,0,5,0,0,48,1,1,0,0,0,0,0,0,0,0,0,0,0,0,0,0,0,0,0,0,0,0,0,0,0,0,0,0,0,1,0.0,1,0,0,1,0,3,16,33,2,1,51,,0,,237,199,1,0,0,0,42,1,0,0,0,0,0,0,0,4,1,1,50.0
2023-11-04,Sáb,La Liga,Semana 12 de partido,Visitante,V 1–0,Barcelona,Real Sociedad,Sí,CB,90,0,0,0,0,0,0,0,0,67,0,0,0,0.0,0.0,0.0,2,0,54,60,90.0,1,25,1,1,0,Informe del partido,940,207,20,21,95.2,32,34,94.1,2,4,50.0,0.0,1,2,0,0,54,6,2,0,0,0,0,0,0,0,0,0,0,2,0,0,0,0,0,0,0,0,0,0,0,0,0,0,0,0,1,0.0,1,0,0,6,1,14,47,19,2,0,67,0.0,0,0.0,180,109,0,0,0,0,41,0,0,0,0,0,0,0,0,8,4,2,66.7
2023-11-12,Dom,La Liga,Semana 13 de partido,Local,V 2–1,Barcelona,Alavés,Sí,"RB,CB",69,0,1,0,0,0,0,0,0,89,2,1,1,0.0,0.0,0.0,2,1,73,77,94.8,5,54,0,0,0,Informe del partido,1108,344,43,45,95.6,27,27,100.0,3,4,75.0,0.1,1,10,1,1,73,4,0,0,0,1,4,0,0,0,0,0,1,2,0,0,0,0,0,1,0,0,0,0,0,0,1,0,1,1,1,100.0,0,0,3,3,2,6,18,53,18,0,89,,0,,265,186,2,0,3,0,65,2,0,1,0,0,0,0,0,3,0,1,0.0
2023-11-21,Mar,Clasificación para la Eurocopa de la UEFA,Etapa de grupo,Visitante,E 2–2,fr Francia,gr Grecia,Sí,RB,63,0,0,0,0,0,0,0,0,,,0,,,,,,,,,,,,,,,Informe del partido,,,,,,,,,,,,,,,,,,,,,,5,,,,,,,,,,,,,,,,,,,,0,,,,,,,,,,,,,,,,,,,,,,,,,,,,,0,0,0,1,,,0,,,,
2023-11-28,Mar,Champions Lg,Etapa de grupo,Local,V 2–1,es Barcelona,pt Porto,Sí,CB,90,0,0,0,0,0,0,0,0,81,0,2,3,0.0,0.0,0.0,3,0,63,72,87.5,3,54,0,1,1,Informe del partido,1439,519,15,16,93.8,33,34,97.1,14,19,73.7,0.0,0,8,0,0,71,1,1,0,2,0,0,0,0,0,0,0,1,3,0,0,0,0,0,0,0,0,0,0,0,0,0,0,0,0,0,,0,2,2,2,0,16,54,27,0,0,81,100.0,0,0.0,254,98,0,0,0,0,60,0,0,1,0,0,0,0,0,5,1,5,16.7
2023-12-03,Dom,La Liga,Semana 15 de partido,Local,V 1–0,Barcelona,Atlético Madrid,Sí,RB,90,0,0,0,0,0,0,0,0,69,2,0,0,0.0,0.0,0.3,2,0,58,66,87.9,13,37,3,0,0,Informe del partido,981,344,28,30,93.3,27,28,96.4,3,6,50.0,0.2,1,12,0,0,58,8,2,0,0,4,6,0,0,0,0,0,2,2,0,0,0,0,0,0,0,0,0,0,0,2,2,0,0,2,2,100.0,0,0,2,0,0,1,10,41,21,3,69,,0,,174,123,2,0,3,0,54,7,0,4,0,0,0,0,0,4,0,0,
2023-12-10,Dom,La Liga,Semana 16 de partido,Local,D 2–4,Barcelona,Girona,Sí,RB,90,0,0,0,0,1,0,0,0,69,4,0,0,0.0,0.0,0.2,3,0,50,60,83.3,4,35,0,1,1,Informe del partido,795,401,25,26,96.2,20,25,80.0,3,4,75.0,0.2,2,5,0,0,49,11,0,0,0,4,11,0,0,0,0,0,2,3,0,0,0,0,0,0,0,0,0,0,0,1,3,1,0,3,6,50.0,3,0,4,3,0,4,25,29,16,2,69,100.0,0,0.0,137,80,0,0,0,0,40,3,0,1,0,0,0,0,0,3,2,1,66.7
2023-12-13,Mié,Champions Lg,Etapa de grupo,Visitante,D 2–3,es Barcelona,be Antwerp,Sí,CB,90,0,0,0,0,1,1,0,0,106,0,1,1,0.0,0.0,0.0,1,0,90,99,90.9,4,82,1,1,1,Informe del partido,1533,520,41,43,95.3,42,44,95.5,6,11,54.5,0.0,0,9,0,0,96,3,3,0,0,0,0,0,0,0,0,0,0,0,0,1,0,0,0,0,0,0,0,0,0,0,0,0,0,0,0,,0,0,1,1,0,4,27,73,7,0,106,100.0,0,0.0,547,368,3,0,1,1,85,0,0,0,0,0,0,0,0,5,3,2,60.0
2023-12-16,Sáb,La Liga,Semana 17 de partido,Visitante,E 1–1,Barcelona,Valencia,Sí,CB,90,0,0,0,0,0,0,0,0,73,0,2,0,0.0,0.0,0.0,1,0,61,64,95.3,10,40,2,0,0,Informe del partido,1163,311,24,25,96.0,31,31,100.0,6,7,85.7,0.1,0,5,1,0,62,2,1,0,1,0,0,0,0,0,0,0,0,1,0,0,0,0,0,0,0,0,0,0,0,0,0,0,0,0,0,,0,0,2,2,0,4,24,48,3,0,73,,0,,287,173,1,0,4,0,49,0,0,0,1,0,0,0,0,5,5,3,62.5
2023-12-20,Mié,La Liga,Semana 18 de partido,Local,V 3–2,Barcelona,Almería,No,CB,45,0,0,0,0,0,0,0,0,36,0,0,0,0.0,0.0,0.0,0,0,34,36,94.4,4,23,3,0,0,Informe del partido,675,201,15,16,93.8,16,17,94.1,3,3,100.0,0.0,0,2,0,0,35,1,1,0,0,0,0,0,0,0,0,0,0,0,0,0,0,0,0,0,0,0,0,0,0,0,0,0,0,0,0,,0,0,0,0,0,0,8,24,4,1,36,,0,,135,83,4,1,0,1,28,0,0,1,0,0,0,0,0,2,2,1,66.7
2024-01-04,Jue,La Liga,Semana 19 de partido,Visitante,V 2–1,Barcelona,Las Palmas,Sí,"RB,CB",90,0,0,0,0,0,0,0,0,68,1,3,2,0.0,0.0,0.0,2,0,53,61,86.9,8,36,1,0,0,Informe del partido,811,270,28,30,93.3,22,23,95.7,2,5,40.0,0.0,0,5,0,0,49,11,2,0,0,1,9,0,0,0,0,1,0,2,0,0,0,0,0,0,0,0,0,0,0,1,0,1,0,1,1,100.0,0,2,4,3,0,3,18,38,12,0,68,,0,,183,54,3,1,0,1,33,2,0,1,0,2,0,0,0,8,2,0,100.0
2024-01-07,Dom,Copa del Rey,Dieciseisavos de final,Visitante,V 3–2,Barcelona,Barbastro,Sí,RB,90,0,0,0,0,1,1,0,0,,,3,,,,,,,,,,,,,,,Informe del partido,,,,,,,,,,,,,,,,,,,,,,3,,,,,,,,,,,,,,,,,,,,2,,,,,,,,,,,,,,,,,,,,,,,,,,,,,0,0,2,1,,,0,,,,
2024-01-11,Jue,Supercopa de España,Semifinales,Local,V 2–0,Barcelona,Osasuna,Sí,RB,90,0,0,0,0,1,0,0,0,,,0,,,,,,,,,,,,,,,Informe del partido,,,,,,,,,,,,,,,,,,,,,,0,,,,,,,,,,,,,,,,,,,,3,,,,,,,,,,,,,,,,,,,,,,,,,,,,,0,0,3,0,,,0,,,,
2024-01-14,Dom,Supercopa de España,Final,Visitante,D 1–4,Barcelona,Real Madrid,Sí,CB,90,0,0,0,0,0,0,0,0,,,2,,,,,,,,,,,,,,,Informe del partido,,,,,,,,,,,,,,,,,,,,,,0,,,,,,,,,,,,,,,,,,,,1,,,,,,,,,,,,,,,,,,,,,,,,,,,,,0,1,0,0,,,0,,,,
2024-01-18,Jue,Copa del Rey,Ronda de 16,Visitante,V 3–1,Barcelona,Unionistas Sal,Sí,CB,90,1,1,0,0,2,2,0,0,,,0,,,,,,,,,,,,,,,Informe del partido,,,,,,,,,,,,,,,,,,,,,,1,,,,,,,,,,,,,,,,,,,,0,,,,,,,,,,,,,,,,,,,,,,,,,,,,,0,0,0,0,,,0,,,,
2024-01-21,Dom,La Liga,Semana 21 de partido,Visitante,V 4–2,Barcelona,Betis,Sí,RB,90,0,0,0,0,0,0,0,0,70,2,2,1,0.0,0.0,0.0,3,2,49,61,80.3,4,24,3,2,1,Informe del partido,672,310,29,34,85.3,16,19,84.2,1,4,25.0,0.0,0,2,0,0,51,10,0,0,0,3,10,0,0,0,0,0,1,3,0,0,0,0,0,2,0,0,0,0,0,1,1,1,0,2,4,50.0,2,1,4,1,0,2,24,33,13,1,70,50.0,0,0.0,121,78,3,0,0,3,43,7,0,0,1,0,0,0,0,3,3,2,60.0
2024-01-24,Mié,Copa del Rey,Cuartos de final,Visitante,D 2–4,Barcelona,Athletic Club,Sí,RB,120,0,1,0,0,0,0,0,0,,,3,,,,,,,,,,,,,,,Informe del partido,,,,,,,,,,,,,,,,,,,,,,1,,,,,,,,,,,,,,,,,,,,1,,,,,,,,,,,,,,,,,,,,,,,,,,,,,0,3,2,0,,,0,,,,
2024-01-27,Sáb,La Liga,Semana 22 de partido,Local,D 3–5,Barcelona,Villarreal,Sí,RB,90,0,0,0,0,2,0,0,0,98,1,2,2,0.3,0.3,0.0,4,0,77,83,92.8,5,47,2,1,1,Informe del partido,1098,266,42,44,95.5,27,28,96.4,3,5,60.0,0.1,0,7,1,1,73,10,2,0,0,3,8,0,0,0,0,0,2,2,0,0,2,0,0,0,0,0,0,0,0,0,0,1,0,1,2,50.0,1,1,3,1,0,4,19,45,35,3,98,100.0,0,0.0,147,88,0,0,3,0,67,4,0,1,0,0,0,0,0,3,3,2,60.0
2024-01-31,Mié,La Liga,Semana 20 de partido,Local,V 1–0,Barcelona,Osasuna,Sí,RB,90,0,0,0,0,2,0,0,0,106,1,2,2,0.2,0.2,0.0,1,0,91,97,93.8,6,75,2,0,0,Informe del partido,1399,421,50,51,98.0,37,40,92.5,3,4,75.0,0.0,0,9,0,0,91,6,2,0,0,0,4,0,0,0,0,0,0,1,0,0,0,0,0,0,0,0,0,0,0,1,0,1,0,0,1,0.0,1,0,3,1,0,3,22,63,22,2,106,,0,,302,155,2,0,0,1,79,1,0,0,0,0,0,0,0,4,1,1,50.0
2024-02-03,Sáb,La Liga,Semana 23 de partido,Visitante,V 3–1,Barcelona,Alavés,Sí,RB,90,0,0,0,0,0,0,0,0,95,1,0,0,0.0,0.0,0.0,2,0,77,85,90.6,3,63,1,1,0,Informe del partido,1269,381,41,42,97.6,27,30,90.0,8,11,72.7,0.0,0,7,0,0,73,12,2,0,1,1,10,0,0,0,0,0,1,1,1,0,0,0,0,0,0,0,0,0,0,1,1,0,0,1,3,33.3,2,0,1,7,0,7,29,56,10,1,95,0.0,1,100.0,285,182,1,0,0,0,66,0,0,0,0,0,0,0,0,3,2,1,66.7
2024-02-11,Dom,La Liga,Semana 24 de partido,Local,E 3–3,Barcelona,Granada,Sí,"RB,CB",90,0,0,0,0,1,0,0,0,104,2,0,3,0.0,0.0,0.0,3,0,81,92,88.0,9,67,0,1,0,Informe del partido,1465,300,37,37,100.0,36,38,94.7,8,11,72.7,0.0,0,5,0,0,81,10,4,0,1,1,6,0,0,0,0,1,4,2,0,0,0,1,0,0,0,0,0,0,0,1,1,0,1,0,1,0.0,1,0,2,1,0,2,27,52,25,3,104,0.0,0,0.0,219,121,3,0,0,0,74,5,0,3,1,0,0,0,0,4,1,1,50.0
2024-02-17,Sáb,La Liga,Semana 25 de partido,Visitante,V 2–1,Barcelona,Celta Vigo,Sí,RB,90,0,0,0,0,1,0,0,0,114,1,0,2,0.0,0.0,0.0,2,1,88,102,86.3,13,59,2,2,0,Informe del partido,1648,462,32,34,94.1,50,57,87.7,6,11,54.5,0.0,0,14,0,0,88,14,3,0,3,1,11,0,0,0,0,0,0,2,0,0,0,0,0,1,0,0,0,0,0,1,1,0,0,1,2,50.0,1,0,1,3,1,4,27,74,13,1,114,0.0,2,100.0,224,130,0,0,1,0,78,1,0,0,0,0,0,0,0,4,2,2,50.0
2024-02-21,Mié,Champions Lg,Ronda de 16,Visitante,E 1–1,es Barcelona,it Napoli,Sí,RB,90,0,0,0,0,0,0,0,0,68,3,1,1,0.0,0.0,0.0,2,0,46,58,79.3,4,32,0,0,0,Informe del partido,955,215,17,21,81.0,21,28,75.0,7,8,87.5,0.0,0,3,0,0,50,8,1,0,1,2,7,0,0,0,0,0,1,2,0,0,0,0,0,0,0,0,0,0,0,1,0,1,2,0,1,0.0,1,0,4,4,0,3,25,31,12,1,68,,0,,95,23,0,0,0,0,34,3,0,2,0,0,0,0,0,8,4,2,66.7
2024-02-24,Sáb,La Liga,Semana 26 de partido,Local,V 4–0,Barcelona,Getafe,Sí,RB,90,0,1,0,0,1,0,0,0,97,0,0,2,0.2,0.2,0.3,1,1,70,88,79.5,4,60,3,2,1,Informe del partido,1422,377,28,35,80.0,31,34,91.2,10,14,71.4,0.0,1,6,0,0,69,17,3,0,4,2,14,0,0,0,0,2,2,1,0,0,0,0,0,1,0,0,0,0,0,0,0,0,0,0,0,,0,1,0,3,0,7,43,42,12,3,97,50.0,1,50.0,326,166,0,0,1,0,61,1,0,1,1,0,0,0,0,7,0,1,0.0
2024-03-03,Dom,La Liga,Semana 27 de partido,Visitante,E 0–0,Barcelona,Athletic Club,Sí,RB,90,0,0,0,0,1,0,1,0,90,3,1,1,0.1,0.1,0.0,0,0,71,79,89.9,5,50,0,4,1,Informe del partido,1215,358,32,33,97.0,33,35,94.3,5,6,83.3,0.0,0,3,1,1,63,16,5,0,3,1,11,0,0,0,0,0,3,0,0,0,0,0,0,0,0,0,0,0,0,3,2,1,0,3,4,75.0,1,0,4,6,0,6,37,46,9,1,90,25.0,2,50.0,177,100,2,0,1,0,51,0,0,1,1,0,0,0,0,6,4,2,66.7
2024-03-08,Vie,La Liga,Semana 28 de partido,Local,V 1–0,Barcelona,Mallorca,Sí,RB,90,0,0,0,0,2,1,0,0,114,0,3,0,0.0,0.0,0.0,2,0,92,107,86.0,6,75,3,1,0,Informe del partido,1244,426,56,62,90.3,26,31,83.9,4,6,66.7,0.0,0,7,1,0,94,13,1,0,0,1,12,0,0,0,0,0,1,1,0,0,1,0,0,0,0,0,0,0,0,0,0,0,0,0,2,0.0,2,0,3,3,0,7,24,54,36,1,114,0.0,1,100.0,345,206,5,0,0,1,80,1,0,0,0,0,0,0,0,10,2,2,50.0
2024-03-12,Mar,Champions Lg,Ronda de 16,Local,V 3–1,es Barcelona,it Napoli,Sí,RB,90,0,0,0,0,0,0,0,0,59,1,3,1,0.0,0.0,0.0,1,0,41,50,82.0,2,32,1,2,1,Informe del partido,911,383,19,21,90.5,15,16,93.8,7,8,87.5,0.0,1,6,0,0,39,11,5,0,2,0,6,0,0,0,0,0,5,1,0,0,0,0,0,0,0,0,0,0,0,1,1,0,0,1,2,50.0,1,0,4,4,0,3,24,35,2,0,59,50.0,1,50.0,137,84,1,0,1,1,35,0,0,1,2,0,0,0,0,3,1,0,100.0
2024-03-17,Dom,La Liga,Semana 29 de partido,Visitante,V 3–0,Barcelona,Atlético Madrid,Sí,RB,90,0,0,0,0,1,0,1,0,79,2,1,3,0.0,0.0,0.0,1,1,56,63,88.9,3,28,2,4,2,Informe del partido,1011,279,22,24,91.7,31,32,96.9,2,5,40.0,0.0,0,3,0,0,52,11,0,0,0,0,11,0,0,0,0,0,1,1,0,0,0,0,0,1,0,0,0,0,0,1,2,0,0,2,2,100.0,0,0,3,4,0,5,33,39,9,5,79,50.0,2,50.0,171,115,2,0,1,0,46,1,0,2,1,0,0,0,0,2,2,0,100.0
2024-03-23,Sáb,Partido amistoso (M),Partido amistoso (M),Local,D 0–2,fr Francia,de Alemania,Sí,RB,59,0,0,0,0,,,0,0,,,,,,,,,,,,,,,,,,Informe del partido,,,,,,,,,,,,,,,,,,,,,,,,,,,,,,,,,,,,,,,,,,,,,,,,,,,,,,,,,,,,,,,,,,,,,,,0,,,,,,0,,,,
2024-03-26,Mar,Partido amistoso (M),Partido amistoso (M),Local,V 3–2,fr Francia,cl Chile,No,,80,0,0,0,0,,,0,0,,,,,,,,,,,,,,,,,,Informe del partido,,,,,,,,,,,,,,,,,,,,,,,,,,,,,,,,,,,,,,,,,,,,,,,,,,,,,,,,,,,,,,,,,,,,,,,0,,,,,,0,,,,
2024-03-30,Sáb,La Liga,Semana 30 de partido,Local,V 1–0,Barcelona,Las Palmas,Sí,RB,90,0,0,0,0,0,0,0,0,122,1,0,2,0.0,0.0,0.7,4,0,101,111,91.0,10,71,3,1,0,Informe del partido,1491,348,58,61,95.1,39,42,92.9,3,6,50.0,0.7,3,10,3,0,95,16,3,0,0,0,13,0,0,0,0,0,1,4,0,0,0,0,0,0,0,0,0,0,0,1,1,0,0,1,2,50.0,1,0,1,1,0,3,25,70,27,1,122,0.0,1,100.0,225,149,2,0,1,0,81,6,0,0,0,0,0,0,0,9,3,2,60.0
2024-04-10,Mié,Champions Lg,Cuartos de final,Visitante,V 3–2,es Barcelona,fr Paris S-G,Sí,RB,90,0,0,0,0,0,0,0,0,53,2,1,1,0.0,0.0,0.0,1,0,38,42,90.5,1,32,1,2,1,Informe del partido,810,303,15,15,100.0,13,15,86.7,9,11,81.8,0.0,0,2,0,0,34,8,5,0,0,0,3,0,0,0,0,0,0,0,1,0,0,0,0,0,0,0,0,0,0,2,1,1,0,1,3,33.3,2,1,3,5,0,9,26,16,11,1,53,50.0,0,0.0,156,64,1,0,1,0,29,1,0,0,4,0,0,0,0,3,2,1,66.7
2024-04-13,Sáb,La Liga,Semana 31 de partido,Visitante,V 1–0,Barcelona,Cádiz,No,CB,29,0,0,0,0,0,0,0,0,21,0,0,0,0.0,0.0,0.0,0,0,19,21,90.5,0,12,0,0,0,Informe del partido,362,97,8,8,100.0,9,10,90.0,2,3,66.7,0.0,0,0,0,0,16,5,3,0,0,0,0,0,0,0,0,0,0,0,0,0,0,0,0,0,0,0,0,0,0,0,0,0,0,0,0,,0,0,0,0,0,4,15,6,0,0,21,,0,,55,17,0,0,0,0,15,0,0,0,0,0,0,0,0,0,0,0,
2024-04-16,Mar,Champions Lg,Cuartos de final,Local,D 1–4,es Barcelona,fr Paris S-G,Sí,RB,90,0,0,0,0,0,0,0,0,48,2,1,3,0.0,0.0,0.0,0,0,28,38,73.7,3,22,0,1,1,Informe del partido,569,139,11,13,84.6,12,16,75.0,5,8,62.5,0.0,0,0,0,0,27,11,2,0,0,1,9,0,0,0,0,0,0,0,0,0,0,0,0,0,0,0,0,0,0,1,1,0,1,2,3,66.7,1,2,3,3,0,6,17,25,6,0,48,100.0,0,0.0,98,46,1,0,2,0,18,1,0,0,0,0,0,0,0,5,1,0,100.0
2024-04-21,Dom,La Liga,Semana 32 de partido,Visitante,D 2–3,Barcelona,Real Madrid,Sí,RB,90,0,0,0,0,0,0,1,0,75,2,2,1,0.0,0.0,0.0,2,0,58,66,87.9,11,46,3,4,1,Informe del partido,963,417,29,32,90.6,27,30,90.0,2,3,66.7,0.0,1,6,1,0,56,10,0,0,0,1,10,0,0,0,0,0,1,1,1,0,0,0,0,0,0,0,0,0,0,2,1,0,1,1,3,33.3,2,1,4,1,0,2,25,42,9,1,75,25.0,3,75.0,258,164,1,0,1,0,49,1,0,0,2,0,0,0,0,5,2,0,100.0
2024-04-29,Lun,La Liga,Semana 33 de partido,Local,V 4–2,Barcelona,Valencia,Sí,RB,90,0,0,0,0,3,1,0,0,137,1,0,1,0.1,0.1,0.0,3,0,121,130,93.1,27,102,8,0,0,Informe del partido,2271,676,47,47,100.0,64,66,97.0,10,15,66.7,0.1,1,30,2,0,122,7,0,0,1,0,7,0,0,0,0,1,1,3,0,0,0,0,0,0,0,0,0,0,0,0,0,0,1,1,2,50.0,1,0,1,0,0,0,17,94,26,2,137,,0,,549,393,5,0,0,0,119,1,0,0,0,0,0,0,0,3,0,2,0.0
2024-05-04,Sáb,La Liga,Semana 34 de partido,Visitante,D 2–4,Barcelona,Girona,Sí,RB,90,0,0,0,0,0,0,1,0,108,2,1,1,0.0,0.0,0.0,3,2,84,101,83.2,6,79,1,0,0,Informe del partido,1346,536,45,48,93.8,34,37,91.9,3,11,27.3,0.0,0,10,0,0,90,10,2,0,3,0,8,0,0,0,0,1,1,3,0,0,0,0,0,2,0,0,0,0,0,0,2,0,0,2,3,66.7,1,1,3,0,0,3,33,65,11,1,108,,0,,378,228,1,0,1,1,83,1,0,1,0,0,0,0,0,6,0,0,
2024-05-13,Lun,La Liga,Semana 35 de partido,Local,V 2–0,Barcelona,Real Sociedad,Sí,RB,90,0,0,0,0,0,0,0,0,87,1,1,1,0.0,0.0,0.0,1,0,76,81,93.8,5,56,1,2,1,Informe del partido,1242,356,40,41,97.6,24,24,100.0,8,11,72.7,0.1,1,3,1,0,67,13,7,0,1,0,6,0,0,0,0,1,0,1,0,0,0,0,0,0,0,0,0,0,0,0,0,1,0,1,1,100.0,0,1,2,3,0,4,28,49,10,1,87,50.0,0,0.0,193,111,3,0,0,3,67,4,0,0,3,0,0,0,0,4,2,1,66.7
2024-05-16,Jue,La Liga,Semana 36 de partido,Visitante,V 2–0,Barcelona,Almería,Sí,RB,90,0,0,0,0,0,0,0,0,99,1,0,1,0.0,0.0,0.1,4,0,83,90,92.2,10,72,2,3,2,Informe del partido,1206,373,49,49,100.0,28,31,90.3,2,3,66.7,0.0,3,9,0,0,79,11,1,0,1,2,10,0,0,0,0,0,1,4,0,0,0,0,0,0,0,0,0,0,0,1,0,1,0,0,1,0.0,1,0,1,1,0,4,22,59,19,1,99,66.7,1,33.3,302,164,1,0,1,0,73,1,0,1,0,0,0,0,0,4,2,0,100.0
2024-05-19,Dom,La Liga,Semana 37 de partido,Local,V 3–0,Barcelona,Rayo Vallecano,Sí,RB,90,0,0,0,0,0,0,0,0,99,0,0,0,0.0,0.0,0.0,2,1,83,95,87.4,8,78,0,1,0,Informe del partido,1404,477,37,42,88.1,37,40,92.5,6,8,75.0,0.0,1,7,0,0,85,10,1,0,3,2,9,0,0,0,0,0,2,2,0,0,0,0,0,1,0,0,0,0,0,0,0,0,0,0,0,,0,0,0,0,0,1,16,65,18,1,99,0.0,1,100.0,233,82,1,0,0,0,80,3,0,0,0,0,0,0,0,1,0,3,0.0
2024-05-26,Dom,La Liga,Semana 38 de partido,Visitante,V 2–1,Barcelona,Sevilla,Sí,RB,90,0,0,0,0,0,0,0,0,72,1,0,0,0.0,0.0,0.0,1,0,57,66,86.4,5,32,3,1,0,Informe del partido,797,182,37,42,88.1,19,19,100.0,1,3,33.3,0.0,0,6,1,0,61,4,3,0,0,1,1,0,0,0,0,1,1,1,0,0,0,0,0,0,0,0,0,0,0,1,0,1,0,1,2,50.0,1,0,1,1,1,2,13,42,19,1,72,0.0,1,100.0,198,124,2,0,1,0,57,9,0,2,1,0,0,0,0,5,0,1,0.0
2024-06-05,Mié,Partido amistoso (M),Partido amistoso (M),Local,V 3–0,fr Francia,lu Luxemburgo,Sí,RB,63,0,0,0,0,,,0,0,,,,,,,,,,,,,,,,,,Informe del partido,,,,,,,,,,,,,,,,,,,,,,,,,,,,,,,,,,,,,,,,,,,,,,,,,,,,,,,,,,,,,,,,,,,,,,,0,,,,,,0,,,,
2024-06-09,Dom,Partido amistoso (M),Partido amistoso (M),Local,E 0–0,fr Francia,ca Canadá,Sí,RB,90,0,0,0,0,,,0,0,,,,,,,,,,,,,,,,,,Informe del partido,,,,,,,,,,,,,,,,,,,,,,,,,,,,,,,,,,,,,,,,,,,,,,,,,,,,,,,,,,,,,,,,,,,,,,,0,,,,,,0,,,,
2024-06-17,Lun,UEFA Euro,Etapa de grupo,Neutral,V 1–0,fr Francia,at Austria,Sí,RB,90,0,0,0,0,1,0,0,0,73,3,0,0,0.2,0.2,0.0,0,0,49,57,86.0,5,35,1,0,0,Informe del partido,794,363,27,29,93.1,21,22,95.5,1,4,25.0,0.0,0,3,1,0,41,16,2,0,0,1,14,0,0,0,0,0,3,0,0,0,0,0,0,0,0,0,0,0,0,2,3,0,0,2,3,66.7,1,0,3,7,0,8,27,29,17,1,73,,0,,136,60,1,0,1,2,36,1,0,0,0,0,0,0,0,2,1,0,100.0
2024-06-21,Vie,UEFA Euro,Etapa de grupo,Neutral,E 0–0,fr Francia,nl Países Bajos,Sí,RB,90,0,0,0,0,0,0,0,0,80,1,0,2,0.0,0.0,0.1,4,0,59,69,85.5,4,43,2,1,1,Informe del partido,868,232,39,44,88.6,17,20,85.0,2,3,66.7,0.1,2,4,1,0,55,14,1,0,0,5,13,0,0,0,0,0,0,4,0,0,0,0,0,0,0,0,0,0,0,1,0,0,1,0,0,,0,0,1,4,0,2,14,42,25,2,80,100.0,0,0.0,154,76,3,0,2,1,51,11,0,0,0,0,0,0,0,0,0,1,0.0
2024-06-25,Mar,UEFA Euro,Etapa de grupo,Neutral,E 1–1,fr Francia,pl Polonia,Sí,RB,90,0,0,0,0,0,0,0,0,73,2,0,0,0.0,0.0,0.2,5,0,58,65,89.2,8,47,5,1,0,Informe del partido,846,316,33,35,94.3,21,23,91.3,2,3,66.7,0.1,3,7,1,0,57,8,2,0,0,2,6,0,0,0,0,0,1,5,0,0,0,0,0,0,0,0,0,0,0,1,0,2,0,1,3,33.3,2,0,2,3,0,1,16,38,20,2,73,0.0,1,100.0,238,146,0,0,0,1,47,4,0,0,1,0,0,0,0,5,0,0,
